,CIE_SA_n_sku_10,CIE_SA_n_sku_20,CIE_SA_initial_servers_5,CIE_SA_initial_servers_10,CIE_SA_util_rate_65,CIE_SA_util_rate_80,CIE_SA_cost_hmin_1,CIE_SA_cost_hmin_100,CIE_SA_work_load_relation_IND,CIE_SA_work_load_relation_HPB,CIE_SA_cost_f_100,CIE_SA_cost_f_10,CIE_SA_cost_ci_10,CIE_SA_cost_ci_1,MSSA_Inner_n_sku_10,MSSA_Inner_n_sku_20,MSSA_Inner_initial_servers_5,MSSA_Inner_initial_servers_10,MSSA_Inner_util_rate_65,MSSA_Inner_util_rate_80,MSSA_Inner_cost_hmin_1,MSSA_Inner_cost_hmin_100,MSSA_Inner_work_load_relation_IND,MSSA_Inner_work_load_relation_HPB,MSSA_Inner_cost_f_100,MSSA_Inner_cost_f_10,MSSA_Inner_cost_ci_10,MSSA_Inner_cost_ci_1,MSSA_Adaptive_n_sku_10,MSSA_Adaptive_n_sku_20,MSSA_Adaptive_initial_servers_5,MSSA_Adaptive_initial_servers_10,MSSA_Adaptive_util_rate_65,MSSA_Adaptive_util_rate_80,MSSA_Adaptive_cost_hmin_1,MSSA_Adaptive_cost_hmin_100,MSSA_Adaptive_work_load_relation_IND,MSSA_Adaptive_work_load_relation_HPB,MSSA_Adaptive_cost_f_100,MSSA_Adaptive_cost_f_10,MSSA_Adaptive_cost_ci_10,MSSA_Adaptive_cost_ci_1,Flexible_n_sku_10,Flexible_n_sku_20,Flexible_initial_servers_5,Flexible_initial_servers_10,Flexible_util_rate_65,Flexible_util_rate_80,Flexible_cost_hmin_1,Flexible_cost_hmin_100,Flexible_work_load_relation_IND,Flexible_work_load_relation_HPB,Flexible_cost_f_100,Flexible_cost_f_10,Flexible_cost_ci_10,Flexible_cost_ci_1,Dedicated_n_sku_10,Dedicated_n_sku_20,Dedicated_initial_servers_5,Dedicated_initial_servers_10,Dedicated_util_rate_65,Dedicated_util_rate_80,Dedicated_cost_hmin_1,Dedicated_cost_hmin_100,Dedicated_work_load_relation_IND,Dedicated_work_load_relation_HPB,Dedicated_cost_f_100,Dedicated_cost_f_10,Dedicated_cost_ci_10,Dedicated_cost_ci_1,VNS_Kmedian_n_sku_10,VNS_Kmedian_n_sku_20,VNS_Kmedian_initial_servers_5,VNS_Kmedian_initial_servers_10,VNS_Kmedian_util_rate_65,VNS_Kmedian_util_rate_80,VNS_Kmedian_cost_hmin_1,VNS_Kmedian_cost_hmin_100,VNS_Kmedian_work_load_relation_IND,VNS_Kmedian_work_load_relation_HPB,VNS_Kmedian_cost_f_100,VNS_Kmedian_cost_f_10,VNS_Kmedian_cost_ci_10,VNS_Kmedian_cost_ci_1,VNS_n_sku_10,VNS_n_sku_20,VNS_initial_servers_5,VNS_initial_servers_10,VNS_util_rate_65,VNS_util_rate_80,VNS_cost_hmin_1,VNS_cost_hmin_100,VNS_work_load_relation_IND,VNS_work_load_relation_HPB,VNS_cost_f_100,VNS_cost_f_10,VNS_cost_ci_10,VNS_cost_ci_1,Kmedian1_n_sku_10,Kmedian1_n_sku_20,Kmedian1_initial_servers_5,Kmedian1_initial_servers_10,Kmedian1_util_rate_65,Kmedian1_util_rate_80,Kmedian1_cost_hmin_1,Kmedian1_cost_hmin_100,Kmedian1_work_load_relation_IND,Kmedian1_work_load_relation_HPB,Kmedian1_cost_f_100,Kmedian1_cost_f_10,Kmedian1_cost_ci_10,Kmedian1_cost_ci_1,Kmedian2_n_sku_10,Kmedian2_n_sku_20,Kmedian2_initial_servers_5,Kmedian2_initial_servers_10,Kmedian2_util_rate_65,Kmedian2_util_rate_80,Kmedian2_cost_hmin_1,Kmedian2_cost_hmin_100,Kmedian2_work_load_relation_IND,Kmedian2_work_load_relation_HPB,Kmedian2_cost_f_100,Kmedian2_cost_f_10,Kmedian2_cost_ci_10,Kmedian2_cost_ci_1,Kmedian3_n_sku_10,Kmedian3_n_sku_20,Kmedian3_initial_servers_5,Kmedian3_initial_servers_10,Kmedian3_util_rate_65,Kmedian3_util_rate_80,Kmedian3_cost_hmin_1,Kmedian3_cost_hmin_100,Kmedian3_work_load_relation_IND,Kmedian3_work_load_relation_HPB,Kmedian3_cost_f_100,Kmedian3_cost_f_10,Kmedian3_cost_ci_10,Kmedian3_cost_ci_1,Kmedian4_n_sku_10,Kmedian4_n_sku_20,Kmedian4_initial_servers_5,Kmedian4_initial_servers_10,Kmedian4_util_rate_65,Kmedian4_util_rate_80,Kmedian4_cost_hmin_1,Kmedian4_cost_hmin_100,Kmedian4_work_load_relation_IND,Kmedian4_work_load_relation_HPB,Kmedian4_cost_f_100,Kmedian4_cost_f_10,Kmedian4_cost_ci_10,Kmedian4_cost_ci_1,GA2_n_sku_10,GA2_n_sku_20,GA2_initial_servers_5,GA2_initial_servers_10,GA2_util_rate_65,GA2_util_rate_80,GA2_cost_hmin_1,GA2_cost_hmin_100,GA2_work_load_relation_IND,GA2_work_load_relation_HPB,GA2_cost_f_100,GA2_cost_f_10,GA2_cost_ci_10,GA2_cost_ci_1
0,-0.0,14.51,-0.0,-0.26,-0.0,0.0,-0.0,0.0,-0.0,-1.76,-0.0,14.51,-0.0,14.51,-0.0,-1.84,-0.0,-0.0,-0.0,0.0,-0.0,0.0,-0.0,-3.18,-0.0,-1.84,-0.0,-1.84,-0.0,-1.09,-0.0,-0.0,-0.0,2.07,-0.0,2.96,-0.0,-3.18,-0.0,-1.09,-0.0,-1.09,38.22,4.0,38.22,-0.0,38.22,46.75,38.22,7.83,38.22,4.34,38.22,4.0,38.22,4.0,107.76,170.55,107.76,45.57,107.76,43.66,107.76,83.92,107.76,143.55,107.76,170.55,107.76,170.55,-0.0,-1.84,-0.0,-0.0,-0.0,0.0,-0.0,0.0,-0.0,-0.0,-0.0,-1.84,-0.0,-1.84,-0.0,10.44,-0.0,-0.26,-0.0,-0.0,-0.0,-0.0,-0.0,1.68,-0.0,10.44,-0.0,10.44,8.95,4.0,8.95,-0.0,8.95,27.36,8.95,7.83,8.95,4.34,8.95,4.0,8.95,4.0,31.49,4.0,31.49,-0.13,31.49,17.39,31.49,2.25,31.49,4.34,31.49,4.0,31.49,4.0,14.71,4.0,14.71,-0.0,14.71,26.99,14.71,7.83,14.71,4.34,14.71,4.0,14.71,4.0,8.95,4.0,8.95,-0.0,8.95,27.36,8.95,7.83,8.95,4.34,8.95,4.0,8.95,4.0,12.16,14.18,12.16,4.65,12.16,1.44,12.16,12.15,12.16,18.49,12.16,14.18,12.16,14.18
1,-0.26,-2.7,14.51,-2.7,14.51,6.25,14.51,1.13,14.51,2.73,-2.7,-0.26,-2.7,-0.26,-0.0,0.13,-1.84,0.13,-1.84,2.48,-1.84,-10.2,-1.84,-6.57,0.13,-0.0,0.13,-0.0,-0.0,-0.41,-1.09,-0.41,-1.09,3.8,-1.09,0.31,-1.09,-5.56,-0.41,-0.0,-0.41,-0.0,-0.0,109.34,4.0,109.34,4.0,8.8,4.0,68.77,4.0,45.82,109.34,-0.0,109.34,-0.0,45.57,110.28,170.55,110.28,170.55,244.6,170.55,195.9,170.55,141.09,110.28,45.57,110.28,45.57,-0.0,0.1,-1.84,0.1,-1.84,0.51,-1.84,-0.52,-1.84,-1.37,0.1,-0.0,0.1,-0.0,-0.26,0.13,10.44,0.13,10.44,12.22,10.44,-0.04,10.44,8.83,0.13,-0.26,0.13,-0.26,-0.0,41.04,4.0,41.04,4.0,18.46,4.0,23.38,4.0,24.06,41.04,-0.0,41.04,-0.0,-0.13,42.1,4.0,42.1,4.0,24.89,4.0,42.98,4.0,12.14,42.1,-0.13,42.1,-0.13,-0.0,27.29,4.0,27.29,4.0,4.03,4.0,14.96,4.0,16.35,27.29,-0.0,27.29,-0.0,-0.0,41.04,4.0,41.04,4.0,18.46,4.0,23.38,4.0,24.06,41.04,-0.0,41.04,-0.0,4.65,16.86,14.18,16.86,14.18,34.51,14.18,17.18,14.18,15.79,16.86,4.65,16.86,4.65
2,0.0,6.25,0.0,0.0,-0.26,0.0,-0.26,-0.0,-0.26,-0.0,6.25,0.0,0.0,6.25,0.0,2.48,0.0,0.0,-0.0,0.0,-0.0,-0.0,-0.0,-0.0,2.48,0.0,0.0,2.48,2.07,3.8,2.07,0.0,-0.0,0.0,-0.0,-0.0,-0.0,-0.0,3.8,2.07,2.07,3.8,46.75,8.8,46.75,19.75,-0.0,19.75,-0.0,48.96,-0.0,70.38,8.8,46.75,46.75,8.8,43.66,244.6,43.66,47.73,45.57,47.73,45.57,25.49,45.57,16.76,244.6,43.66,43.66,244.6,0.0,0.51,0.0,0.0,-0.0,0.0,-0.0,-0.0,-0.0,-0.0,0.51,0.0,0.0,0.51,-0.0,12.22,-0.0,-0.0,-0.26,-0.0,-0.26,-0.0,-0.26,-0.0,12.22,-0.0,-0.0,12.22,27.36,18.46,27.36,12.45,-0.0,12.45,-0.0,21.25,-0.0,15.97,18.46,27.36,27.36,18.46,17.39,24.89,17.39,14.83,-0.13,14.83,-0.13,16.0,-0.13,16.76,24.89,17.39,17.39,24.89,26.99,4.03,26.99,4.93,-0.0,4.93,-0.0,18.48,-0.0,7.43,4.03,26.99,26.99,4.03,27.36,18.46,27.36,12.45,-0.0,12.45,-0.0,21.25,-0.0,15.97,18.46,27.36,27.36,18.46,1.44,34.51,1.44,7.29,4.65,7.29,4.65,0.33,4.65,2.15,34.51,1.44,1.44,34.51
3,0.0,0.01,6.25,0.01,-2.7,0.01,-2.7,-0.04,-2.7,1.98,0.0,0.01,0.01,0.0,0.0,0.06,2.48,0.06,0.13,0.06,0.13,-1.88,0.13,-1.55,0.0,0.06,0.06,0.0,0.0,2.6,3.8,2.6,-0.41,2.6,-0.41,0.61,-0.41,-1.29,0.0,2.6,2.6,0.0,19.75,76.39,8.8,76.39,109.34,76.39,109.34,9.44,109.34,7.48,19.75,76.39,76.39,19.75,47.73,51.3,244.6,51.3,110.28,51.3,110.28,83.92,110.28,140.97,47.73,51.3,51.3,47.73,0.0,-0.46,0.51,-0.46,0.1,-0.46,0.1,0.0,0.1,-0.65,0.0,-0.46,-0.46,0.0,-0.0,2.52,12.22,2.52,0.13,2.52,0.13,6.06,0.13,0.06,-0.0,2.52,2.52,-0.0,12.45,14.84,18.46,14.84,41.04,14.84,41.04,9.44,41.04,4.87,12.45,14.84,14.84,12.45,14.83,22.93,24.89,22.93,42.1,22.93,42.1,9.44,42.1,7.0,14.83,22.93,22.93,14.83,4.93,9.1,4.03,9.1,27.29,9.1,27.29,9.44,27.29,6.15,4.93,9.1,9.1,4.93,12.45,14.84,18.46,14.84,41.04,14.84,41.04,9.44,41.04,4.87,12.45,14.84,14.84,12.45,7.29,9.03,34.51,9.03,16.86,9.03,16.86,22.63,16.86,14.32,7.29,9.03,9.03,7.29
4,0.0,1.13,0.0,-0.0,0.0,6.36,0.0,6.36,0.0,2.94,1.13,0.0,1.13,0.0,0.0,-10.2,0.0,-0.0,0.0,-0.0,0.0,-0.0,0.0,2.94,-10.2,0.0,-10.2,0.0,2.96,0.31,2.96,-0.0,2.96,6.36,2.07,6.36,2.07,-0.0,0.31,2.96,0.31,2.96,7.83,68.77,7.83,48.96,7.83,21.03,46.75,21.03,46.75,13.87,68.77,7.83,68.77,7.83,83.92,195.9,83.92,25.49,83.92,87.83,43.66,87.83,43.66,82.99,195.9,83.92,195.9,83.92,0.0,-0.52,0.0,-0.0,0.0,-0.0,0.0,-0.0,0.0,2.94,-0.52,0.0,-0.52,0.0,-0.0,-0.04,-0.0,-0.0,-0.0,-0.0,-0.0,-0.0,-0.0,2.94,-0.04,-0.0,-0.04,-0.0,7.83,23.38,7.83,21.25,7.83,20.01,27.36,20.01,27.36,13.87,23.38,7.83,23.38,7.83,2.25,42.98,2.25,16.0,2.25,15.66,17.39,15.66,17.39,13.87,42.98,2.25,42.98,2.25,7.83,14.96,7.83,18.48,7.83,10.23,26.99,10.23,26.99,8.79,14.96,7.83,14.96,7.83,7.83,23.38,7.83,21.25,7.83,20.01,27.36,20.01,27.36,13.87,23.38,7.83,23.38,7.83,12.15,17.18,12.15,0.33,12.15,9.4,1.44,9.4,1.44,4.92,17.18,12.15,17.18,12.15
5,-0.0,-0.04,1.13,-0.04,1.13,3.88,6.25,3.88,6.25,-0.0,-0.0,-0.04,-0.0,-0.04,-0.0,-1.88,-10.2,-1.88,-10.2,0.71,2.48,0.71,2.48,0.06,-0.0,-1.88,-0.0,-1.88,-0.0,0.61,0.31,0.61,0.31,7.42,3.8,7.42,3.8,0.14,-0.0,0.61,-0.0,0.61,48.96,9.44,68.77,9.44,68.77,60.49,8.8,60.49,8.8,112.48,48.96,9.44,48.96,9.44,25.49,83.92,195.9,83.92,195.9,90.17,244.6,90.17,244.6,165.38,25.49,83.92,25.49,83.92,-0.0,0.0,-0.52,0.0,-0.52,4.56,0.51,4.56,0.51,10.87,-0.0,0.0,-0.0,0.0,-0.0,6.06,-0.04,6.06,-0.04,4.02,12.22,4.02,12.22,10.87,-0.0,6.06,-0.0,6.06,21.25,9.44,23.38,9.44,23.38,30.21,18.46,30.21,18.46,39.63,21.25,9.44,21.25,9.44,16.0,9.44,42.98,9.44,42.98,19.38,24.89,19.38,24.89,20.63,16.0,9.44,16.0,9.44,18.48,9.44,14.96,9.44,14.96,15.92,4.03,15.92,4.03,15.27,18.48,9.44,18.48,9.44,21.25,9.44,23.38,9.44,23.38,30.21,18.46,30.21,18.46,39.63,21.25,9.44,21.25,9.44,0.33,22.63,17.18,22.63,17.18,19.82,34.51,19.82,34.51,34.84,0.33,22.63,0.33,22.63
6,6.36,3.88,6.36,112.46,-0.0,112.46,0.0,112.46,0.0,0.0,6.36,3.88,3.88,6.36,-0.0,0.71,-0.0,112.46,-0.0,112.46,0.0,112.46,0.0,0.0,-0.0,0.71,0.71,-0.0,6.36,7.42,6.36,111.0,-0.0,111.0,0.0,111.0,0.0,0.74,6.36,7.42,7.42,6.36,21.03,60.49,21.03,268.69,48.96,268.69,19.75,268.69,19.75,59.97,21.03,60.49,60.49,21.03,87.83,90.17,87.83,149.09,25.49,149.09,47.73,149.09,47.73,30.55,87.83,90.17,90.17,87.83,-0.0,4.56,-0.0,112.46,-0.0,112.46,0.0,112.46,0.0,0.0,-0.0,4.56,4.56,-0.0,-0.0,4.02,-0.0,112.46,-0.0,112.46,-0.0,112.46,-0.0,-0.0,-0.0,4.02,4.02,-0.0,20.01,30.21,20.01,149.09,21.25,149.09,12.45,149.09,12.45,30.55,20.01,30.21,30.21,20.01,15.66,19.38,15.66,140.29,16.0,140.29,14.83,140.29,14.83,23.48,15.66,19.38,19.38,15.66,10.23,15.92,10.23,134.5,18.48,134.5,4.93,134.5,4.93,7.5,10.23,15.92,15.92,10.23,20.01,30.21,20.01,149.09,21.25,149.09,12.45,149.09,12.45,30.55,20.01,30.21,30.21,20.01,9.4,19.82,9.4,114.01,0.33,114.01,7.29,114.01,7.29,0.74,9.4,19.82,19.82,9.4
7,112.46,0.44,3.88,0.44,-0.04,0.44,0.01,0.44,0.01,-0.62,0.44,112.46,112.46,0.44,112.46,0.36,0.71,0.36,-1.88,0.36,0.06,0.36,0.06,3.57,0.36,112.46,112.46,0.36,111.0,12.43,7.42,12.43,0.61,12.43,2.6,12.43,2.6,3.38,12.43,111.0,111.0,12.43,268.69,17.32,60.49,17.32,9.44,17.32,76.39,17.32,76.39,8.96,17.32,268.69,268.69,17.32,149.09,105.25,90.17,105.25,83.92,105.25,51.3,105.25,51.3,64.69,105.25,149.09,149.09,105.25,112.46,3.99,4.56,3.99,0.0,3.99,-0.46,3.99,-0.46,-0.0,3.99,112.46,112.46,3.99,112.46,3.59,4.02,3.59,6.06,3.59,2.52,3.59,2.52,4.58,3.59,112.46,112.46,3.59,149.09,17.32,30.21,17.32,9.44,17.32,14.84,17.32,14.84,8.96,17.32,149.09,149.09,17.32,140.29,17.32,19.38,17.32,9.44,17.32,22.93,17.32,22.93,8.96,17.32,140.29,140.29,17.32,134.5,12.38,15.92,12.38,9.44,12.38,9.1,12.38,9.1,4.48,12.38,134.5,134.5,12.38,149.09,17.32,30.21,17.32,9.44,17.32,14.84,17.32,14.84,8.96,17.32,149.09,149.09,17.32,114.01,20.99,19.82,20.99,22.63,20.99,9.03,20.99,9.03,12.63,20.99,114.01,114.01,20.99
8,-1.76,2.73,-1.76,-0.0,-1.76,2.94,-1.76,-0.0,0.0,-0.0,-1.76,2.73,2.73,-1.76,-3.18,-6.57,-3.18,-0.0,-3.18,2.94,-3.18,-1.45,0.0,-1.45,-3.18,-6.57,-6.57,-3.18,-3.18,-5.56,-3.18,-0.0,-3.18,-0.0,-3.18,1.29,2.96,1.29,-3.18,-5.56,-5.56,-3.18,4.34,45.82,4.34,70.38,4.34,13.87,4.34,48.42,7.83,48.42,4.34,45.82,45.82,4.34,143.55,141.09,143.55,16.76,143.55,82.99,143.55,43.45,83.92,43.45,143.55,141.09,141.09,143.55,-0.0,-1.37,-0.0,-0.0,-0.0,2.94,-0.0,-0.0,0.0,-0.0,-0.0,-1.37,-1.37,-0.0,1.68,8.83,1.68,-0.0,1.68,2.94,1.68,-0.0,-0.0,-0.0,1.68,8.83,8.83,1.68,4.34,24.06,4.34,15.97,4.34,13.87,4.34,36.1,7.83,36.1,4.34,24.06,24.06,4.34,4.34,12.14,4.34,16.76,4.34,13.87,4.34,24.07,2.25,24.07,4.34,12.14,12.14,4.34,4.34,16.35,4.34,7.43,4.34,8.79,4.34,3.54,7.83,3.54,4.34,16.35,16.35,4.34,4.34,24.06,4.34,15.97,4.34,13.87,4.34,36.1,7.83,36.1,4.34,24.06,24.06,4.34,18.49,15.79,18.49,2.15,18.49,4.92,18.49,0.5,12.15,0.5,18.49,15.79,15.79,18.49
9,-0.0,1.98,2.73,1.98,2.73,-0.0,2.73,10.62,1.13,10.62,1.98,-0.0,-0.0,1.98,-0.0,-1.55,-6.57,-1.55,-6.57,0.06,-6.57,-0.0,-10.2,-0.0,-1.55,-0.0,-0.0,-1.55,-0.0,-1.29,-5.56,-1.29,-5.56,0.14,-5.56,8.86,0.31,8.86,-1.29,-0.0,-0.0,-1.29,70.38,7.48,45.82,7.48,45.82,112.48,45.82,8.86,68.77,8.86,7.48,70.38,70.38,7.48,16.76,140.97,141.09,140.97,141.09,165.38,141.09,309.82,195.9,309.82,140.97,16.76,16.76,140.97,-0.0,-0.65,-1.37,-0.65,-1.37,10.87,-1.37,-0.0,-0.52,-0.0,-0.65,-0.0,-0.0,-0.65,-0.0,0.06,8.83,0.06,8.83,10.87,8.83,29.55,-0.04,29.55,0.06,-0.0,-0.0,0.06,15.97,4.87,24.06,4.87,24.06,39.63,24.06,8.86,23.38,8.86,4.87,15.97,15.97,4.87,16.76,7.0,12.14,7.0,12.14,20.63,12.14,8.86,42.98,8.86,7.0,16.76,16.76,7.0,7.43,6.15,16.35,6.15,16.35,15.27,16.35,7.01,14.96,7.01,6.15,7.43,7.43,6.15,15.97,4.87,24.06,4.87,24.06,39.63,24.06,8.86,23.38,8.86,4.87,15.97,15.97,4.87,2.15,14.32,15.79,14.32,15.79,34.84,15.79,35.79,17.18,35.79,14.32,2.15,2.15,14.32
10,2.94,-0.0,2.94,0.0,-0.0,0.0,-0.0,-0.0,-0.0,-0.0,-0.0,2.94,-0.0,2.94,2.94,0.06,2.94,0.0,-0.0,0.0,-0.0,-0.0,-0.0,-0.0,0.06,2.94,0.06,2.94,-0.0,0.14,-0.0,0.74,-0.0,0.74,-0.0,5.51,-0.0,5.51,0.14,-0.0,0.14,-0.0,13.87,112.48,13.87,59.97,70.38,59.97,70.38,26.66,48.96,26.66,112.48,13.87,112.48,13.87,82.99,165.38,82.99,30.55,16.76,30.55,16.76,58.24,25.49,58.24,165.38,82.99,165.38,82.99,2.94,10.87,2.94,0.0,-0.0,0.0,-0.0,-0.0,-0.0,-0.0,10.87,2.94,10.87,2.94,2.94,10.87,2.94,-0.0,-0.0,-0.0,-0.0,3.83,-0.0,3.83,10.87,2.94,10.87,2.94,13.87,39.63,13.87,30.55,15.97,30.55,15.97,8.6,21.25,8.6,39.63,13.87,39.63,13.87,13.87,20.63,13.87,23.48,16.76,23.48,16.76,9.94,16.0,9.94,20.63,13.87,20.63,13.87,8.79,15.27,8.79,7.5,7.43,7.5,7.43,7.95,18.48,7.95,15.27,8.79,15.27,8.79,13.87,39.63,13.87,30.55,15.97,30.55,15.97,8.6,21.25,8.6,39.63,13.87,39.63,13.87,4.92,34.84,4.92,0.74,2.15,0.74,2.15,6.76,0.33,6.76,34.84,4.92,34.84,4.92
11,0.0,-0.62,-0.0,-0.62,1.98,-0.62,1.98,1.81,-0.04,1.81,0.0,-0.62,0.0,-0.62,0.0,3.57,0.06,3.57,-1.55,3.57,-1.55,3.65,-1.88,3.65,0.0,3.57,0.0,3.57,0.74,3.38,0.14,3.38,-1.29,3.38,-1.29,2.11,0.61,2.11,0.74,3.38,0.74,3.38,59.97,8.96,112.48,8.96,7.48,8.96,7.48,82.36,9.44,82.36,59.97,8.96,59.97,8.96,30.55,64.69,165.38,64.69,140.97,64.69,140.97,59.68,83.92,59.68,30.55,64.69,30.55,64.69,0.0,-0.0,10.87,-0.0,-0.65,-0.0,-0.65,0.34,0.0,0.34,0.0,-0.0,0.0,-0.0,-0.0,4.58,10.87,4.58,0.06,4.58,0.06,1.55,6.06,1.55,-0.0,4.58,-0.0,4.58,30.55,8.96,39.63,8.96,4.87,8.96,4.87,24.98,9.44,24.98,30.55,8.96,30.55,8.96,23.48,8.96,20.63,8.96,7.0,8.96,7.0,32.65,9.44,32.65,23.48,8.96,23.48,8.96,7.5,4.48,15.27,4.48,6.15,4.48,6.15,23.18,9.44,23.18,7.5,4.48,7.5,4.48,30.55,8.96,39.63,8.96,4.87,8.96,4.87,24.98,9.44,24.98,30.55,8.96,30.55,8.96,0.74,12.63,34.84,12.63,14.32,12.63,14.32,6.46,22.63,6.46,0.74,12.63,0.74,12.63
12,-0.0,10.62,-0.0,-0.0,-0.0,0.0,2.94,0.0,6.36,0.0,10.62,-0.0,-0.0,10.62,-1.45,-0.0,-1.45,-0.0,-1.45,0.0,2.94,0.0,-0.0,0.0,-0.0,-1.45,-1.45,-0.0,1.29,8.86,1.29,5.51,1.29,2.79,-0.0,2.79,6.36,2.79,8.86,1.29,1.29,8.86,48.42,8.86,48.42,26.66,48.42,63.37,13.87,63.37,21.03,63.37,8.86,48.42,48.42,8.86,43.45,309.82,43.45,58.24,43.45,79.42,82.99,79.42,87.83,79.42,309.82,43.45,43.45,309.82,-0.0,-0.0,-0.0,-0.0,-0.0,0.0,2.94,0.0,-0.0,0.0,-0.0,-0.0,-0.0,-0.0,-0.0,29.55,-0.0,3.83,-0.0,-0.0,2.94,-0.0,-0.0,-0.0,29.55,-0.0,-0.0,29.55,36.1,8.86,36.1,8.6,36.1,38.51,13.87,38.51,20.01,38.51,8.86,36.1,36.1,8.86,24.07,8.86,24.07,9.94,24.07,44.9,13.87,44.9,15.66,44.9,8.86,24.07,24.07,8.86,3.54,7.01,3.54,7.95,3.54,20.93,8.79,20.93,10.23,20.93,7.01,3.54,3.54,7.01,36.1,8.86,36.1,8.6,36.1,38.51,13.87,38.51,20.01,38.51,8.86,36.1,36.1,8.86,0.5,35.79,0.5,6.76,0.5,3.97,4.92,3.97,9.4,3.97,35.79,0.5,0.5,35.79
13,-0.0,1.81,10.62,1.81,10.62,5.61,-0.0,5.61,3.88,5.61,-0.0,1.81,1.81,-0.0,-0.0,3.65,-0.0,3.65,-0.0,-0.0,0.06,-0.0,0.71,-0.0,-0.0,3.65,3.65,-0.0,5.51,2.11,8.86,2.11,8.86,2.41,0.14,2.41,7.42,2.41,5.51,2.11,2.11,5.51,26.66,82.36,8.86,82.36,8.86,2.41,112.48,2.41,60.49,2.41,26.66,82.36,82.36,26.66,58.24,59.68,309.82,59.68,309.82,147.33,165.38,147.33,90.17,147.33,58.24,59.68,59.68,58.24,-0.0,0.34,-0.0,0.34,-0.0,2.41,10.87,2.41,4.56,2.41,-0.0,0.34,0.34,-0.0,3.83,1.55,29.55,1.55,29.55,6.35,10.87,6.35,4.02,6.35,3.83,1.55,1.55,3.83,8.6,24.98,8.86,24.98,8.86,2.41,39.63,2.41,30.21,2.41,8.6,24.98,24.98,8.6,9.94,32.65,8.86,32.65,8.86,2.41,20.63,2.41,19.38,2.41,9.94,32.65,32.65,9.94,7.95,23.18,7.01,23.18,7.01,2.41,15.27,2.41,15.92,2.41,7.95,23.18,23.18,7.95,8.6,24.98,8.86,24.98,8.86,2.41,39.63,2.41,30.21,2.41,8.6,24.98,24.98,8.6,6.76,6.46,35.79,6.46,35.79,29.91,34.84,29.91,19.82,29.91,6.76,6.46,6.46,6.76
14,0.0,5.61,0.0,0.18,-0.0,0.18,0.0,0.18,112.46,0.18,0.0,5.61,0.0,5.61,0.0,-0.0,0.0,0.18,-0.0,0.18,0.0,0.18,112.46,0.18,0.0,-0.0,0.0,-0.0,2.79,2.41,2.79,4.25,5.51,4.25,0.74,4.25,111.0,4.25,2.79,2.41,2.79,2.41,63.37,2.41,63.37,15.22,26.66,15.22,59.97,15.22,268.69,15.22,63.37,2.41,63.37,2.41,79.42,147.33,79.42,25.69,58.24,25.69,30.55,25.69,149.09,25.69,79.42,147.33,79.42,147.33,0.0,2.41,0.0,2.04,-0.0,2.04,0.0,2.04,112.46,2.04,0.0,2.41,0.0,2.41,-0.0,6.35,-0.0,2.04,3.83,2.04,-0.0,2.04,112.46,2.04,-0.0,6.35,-0.0,6.35,38.51,2.41,38.51,12.31,8.6,12.31,30.55,12.31,149.09,12.31,38.51,2.41,38.51,2.41,44.9,2.41,44.9,14.69,9.94,14.69,23.48,14.69,140.29,14.69,44.9,2.41,44.9,2.41,20.93,2.41,20.93,14.69,7.95,14.69,7.5,14.69,134.5,14.69,20.93,2.41,20.93,2.41,38.51,2.41,38.51,12.31,8.6,12.31,30.55,12.31,149.09,12.31,38.51,2.41,38.51,2.41,3.97,29.91,3.97,4.3,6.76,4.3,0.74,4.3,114.01,4.3,3.97,29.91,3.97,29.91
15,0.18,0.0,5.61,0.0,1.81,0.0,-0.62,0.0,0.44,0.0,0.0,0.18,0.0,0.18,0.18,1.83,-0.0,1.83,3.65,1.83,3.57,1.83,0.36,1.83,1.83,0.18,1.83,0.18,4.25,1.2,2.41,1.2,2.11,1.2,3.38,1.2,12.43,1.2,1.2,4.25,1.2,4.25,15.22,128.99,2.41,128.99,82.36,128.99,8.96,128.99,17.32,128.99,128.99,15.22,128.99,15.22,25.69,86.49,147.33,86.49,59.68,86.49,64.69,86.49,105.25,86.49,86.49,25.69,86.49,25.69,2.04,6.67,2.41,6.67,0.34,6.67,-0.0,6.67,3.99,6.67,6.67,2.04,6.67,2.04,2.04,6.02,6.35,6.02,1.55,6.02,4.58,6.02,3.59,6.02,6.02,2.04,6.02,2.04,12.31,27.89,2.41,27.89,24.98,27.89,8.96,27.89,17.32,27.89,27.89,12.31,27.89,12.31,14.69,60.97,2.41,60.97,32.65,60.97,8.96,60.97,17.32,60.97,60.97,14.69,60.97,14.69,14.69,27.44,2.41,27.44,23.18,27.44,4.48,27.44,12.38,27.44,27.44,14.69,27.44,14.69,12.31,27.89,2.41,27.89,24.98,27.89,8.96,27.89,17.32,27.89,27.89,12.31,27.89,12.31,4.3,9.12,29.91,9.12,6.46,9.12,12.63,9.12,20.99,9.12,9.12,4.3,9.12,4.3
16,0.0,4.84,10.53,4.84,1.28,4.84,-0.01,4.84,-0.59,4.84,0.0,4.84,0.0,4.84,0.0,0.0,1.13,0.0,0.16,0.0,6.24,0.0,0.01,0.0,0.0,0.0,0.0,0.0,1.11,1.98,10.85,1.98,1.22,1.98,2.65,1.98,4.11,1.98,1.11,1.98,1.11,1.98,56.59,12.96,101.72,12.96,10.26,12.96,109.54,12.96,74.47,12.96,56.59,12.96,56.59,12.96,34.68,85.86,191.18,85.86,133.75,85.86,94.29,85.86,45.65,85.86,34.68,85.86,34.68,85.86,0.0,0.0,10.53,0.0,-2.58,0.0,6.19,0.0,2.42,0.0,0.0,0.0,0.0,0.0,-0.0,2.73,1.52,2.73,4.13,2.73,0.11,2.73,2.99,2.73,-0.0,2.73,-0.0,2.73,18.22,6.86,38.97,6.86,9.14,6.86,33.22,6.86,25.15,6.86,18.22,6.86,18.22,6.86,21.29,12.96,47.64,12.96,10.26,12.96,19.67,12.96,22.7,12.96,21.29,12.96,21.29,12.96,21.43,3.27,39.03,3.27,6.15,3.27,11.61,3.27,19.56,3.27,21.43,3.27,21.43,3.27,18.22,6.86,38.97,6.86,9.14,6.86,33.22,6.86,25.15,6.86,18.22,6.86,18.22,6.86,1.36,18.5,25.1,18.5,20.06,18.5,9.99,18.5,8.14,18.5,1.36,18.5,1.36,18.5
17,3.26,10.53,3.26,0.0,0.66,0.0,0.0,0.0,-0.17,0.0,10.53,3.26,10.53,3.26,-0.0,1.13,-0.0,0.0,-0.0,0.0,0.39,0.0,-0.2,0.0,1.13,-0.0,1.13,-0.0,0.0,10.85,0.0,1.11,2.58,1.11,2.52,1.11,-0.2,1.11,10.85,0.0,10.85,0.0,-0.0,101.72,-0.0,56.59,62.05,56.59,18.81,56.59,37.99,56.59,101.72,-0.0,101.72,-0.0,73.91,191.18,73.91,34.68,19.64,34.68,32.6,34.68,35.0,34.68,191.18,73.91,191.18,73.91,-0.0,10.53,-0.0,0.0,-0.0,0.0,0.11,0.0,0.0,0.0,10.53,-0.0,10.53,-0.0,0.32,1.52,0.32,-0.0,1.74,-0.0,-0.0,-0.0,-0.17,-0.0,1.52,0.32,1.52,0.32,-0.0,38.97,-0.0,18.22,5.8,18.22,14.42,18.22,25.97,18.22,38.97,-0.0,38.97,-0.0,-0.0,47.64,-0.0,21.29,9.72,21.29,16.07,21.29,19.05,21.29,47.64,-0.0,47.64,-0.0,-0.0,39.03,-0.0,21.43,10.74,21.43,18.81,21.43,9.46,21.43,39.03,-0.0,39.03,-0.0,-0.0,38.97,-0.0,18.22,5.8,18.22,14.42,18.22,25.97,18.22,38.97,-0.0,38.97,-0.0,10.26,25.1,10.26,1.36,1.86,1.36,3.08,1.36,1.01,1.36,25.1,10.26,25.1,10.26
18,0.66,1.28,0.81,1.28,0.81,10.53,6.38,10.53,11.57,10.53,1.28,0.66,0.66,1.28,-0.0,0.16,1.1,0.16,1.1,1.13,0.0,1.13,1.31,1.13,0.16,-0.0,-0.0,0.16,2.58,1.22,5.23,1.22,5.23,10.85,-0.0,10.85,0.53,10.85,1.22,2.58,2.58,1.22,62.05,10.26,70.02,10.26,70.02,101.72,0.0,101.72,6.94,101.72,10.26,62.05,62.05,10.26,19.64,133.75,125.99,133.75,125.99,191.18,150.57,191.18,240.86,191.18,133.75,19.64,19.64,133.75,-0.0,-2.58,0.37,-2.58,0.37,10.53,0.0,10.53,2.85,10.53,-2.58,-0.0,-0.0,-2.58,1.74,4.13,7.4,4.13,7.4,1.52,4.62,1.52,11.6,1.52,4.13,1.74,1.74,4.13,5.8,9.14,25.33,9.14,25.33,38.97,-0.0,38.97,6.94,38.97,9.14,5.8,5.8,9.14,9.72,10.26,34.88,10.26,34.88,47.64,-0.0,47.64,6.94,47.64,10.26,9.72,9.72,10.26,10.74,6.15,27.59,6.15,27.59,39.03,-0.0,39.03,1.2,39.03,6.15,10.74,10.74,6.15,5.8,9.14,25.33,9.14,25.33,38.97,-0.0,38.97,6.94,38.97,9.14,5.8,5.8,9.14,1.86,20.06,19.79,20.06,19.79,25.1,25.51,25.1,31.02,25.1,20.06,1.86,1.86,20.06
19,4.27,0.81,4.27,0.66,4.27,3.26,0.0,3.26,-0.0,3.26,4.27,0.81,0.81,4.27,-0.0,1.1,-0.0,-0.0,-0.0,-0.0,0.0,-0.0,1.5,-0.0,-0.0,1.1,1.1,-0.0,2.35,5.23,2.35,2.58,2.35,0.0,0.34,0.0,1.5,0.0,2.35,5.23,5.23,2.35,19.53,70.02,19.53,62.05,19.53,-0.0,56.67,-0.0,38.96,-0.0,19.53,70.02,70.02,19.53,137.49,125.99,137.49,19.64,137.49,73.91,86.87,73.91,42.29,73.91,137.49,125.99,125.99,137.49,-0.0,0.37,-0.0,-0.0,-0.0,-0.0,0.0,-0.0,-0.0,-0.0,-0.0,0.37,0.37,-0.0,12.92,7.4,12.92,1.74,12.92,0.32,1.45,0.32,1.5,0.32,12.92,7.4,7.4,12.92,16.83,25.33,16.83,5.8,16.83,-0.0,34.77,-0.0,15.24,-0.0,16.83,25.33,25.33,16.83,19.53,34.88,19.53,9.72,19.53,-0.0,35.47,-0.0,19.25,-0.0,19.53,34.88,34.88,19.53,19.53,27.59,19.53,10.74,19.53,-0.0,35.03,-0.0,12.1,-0.0,19.53,27.59,27.59,19.53,16.83,25.33,16.83,5.8,16.83,-0.0,34.77,-0.0,15.24,-0.0,16.83,25.33,25.33,16.83,6.33,19.79,6.33,1.86,6.33,10.26,4.94,10.26,4.29,10.26,6.33,19.79,19.79,6.33
20,0.0,-0.01,6.38,-0.01,0.52,-0.01,0.52,1.28,1.85,1.28,-0.01,0.0,-0.01,0.0,0.39,6.24,0.0,6.24,2.54,6.24,2.54,0.16,0.06,0.16,6.24,0.39,6.24,0.39,2.52,2.65,-0.0,2.65,5.09,2.65,5.09,1.22,0.87,1.22,2.65,2.52,2.65,2.52,18.81,109.54,0.0,109.54,97.82,109.54,97.82,10.26,94.61,10.26,109.54,18.81,109.54,18.81,32.6,94.29,150.57,94.29,67.09,94.29,67.09,133.75,111.88,133.75,94.29,32.6,94.29,32.6,0.11,6.19,0.0,6.19,4.43,6.19,4.43,-2.58,7.0,-2.58,6.19,0.11,6.19,0.11,-0.0,0.11,4.62,0.11,3.88,0.11,3.88,4.13,7.0,4.13,0.11,-0.0,0.11,-0.0,14.42,33.22,-0.0,33.22,32.16,33.22,32.16,9.14,21.72,9.14,33.22,14.42,33.22,14.42,16.07,19.67,-0.0,19.67,20.08,19.67,20.08,10.26,45.32,10.26,19.67,16.07,19.67,16.07,18.81,11.61,-0.0,11.61,24.1,11.61,24.1,6.15,28.72,6.15,11.61,18.81,11.61,18.81,14.42,33.22,-0.0,33.22,32.16,33.22,32.16,9.14,21.72,9.14,33.22,14.42,33.22,14.42,3.08,9.99,25.51,9.99,10.99,9.99,10.99,20.06,18.5,20.06,9.99,3.08,9.99,3.08
21,0.0,6.38,0.0,0.0,5.39,0.0,5.39,0.66,-0.0,0.66,0.0,6.38,0.0,6.38,0.0,0.0,0.0,0.39,5.39,0.39,5.39,-0.0,0.08,-0.0,0.0,0.0,0.0,0.0,0.34,-0.0,0.34,2.52,-0.0,2.52,-0.0,2.58,0.08,2.58,0.34,-0.0,0.34,-0.0,56.67,0.0,56.67,18.81,9.01,18.81,9.01,62.05,14.26,62.05,56.67,0.0,56.67,0.0,86.87,150.57,86.87,32.6,81.47,32.6,81.47,19.64,47.79,19.64,86.87,150.57,86.87,150.57,0.0,0.0,0.0,0.11,0.0,0.11,0.0,-0.0,-0.0,-0.0,0.0,0.0,0.0,0.0,1.45,4.62,1.45,-0.0,0.0,-0.0,0.0,1.74,-0.0,1.74,1.45,4.62,1.45,4.62,34.77,-0.0,34.77,14.42,6.2,14.42,6.2,5.8,8.2,5.8,34.77,-0.0,34.77,-0.0,35.47,-0.0,35.47,16.07,9.01,16.07,9.01,9.72,14.26,9.72,35.47,-0.0,35.47,-0.0,35.03,-0.0,35.03,18.81,9.01,18.81,9.01,10.74,14.26,10.74,35.03,-0.0,35.03,-0.0,34.77,-0.0,34.77,14.42,6.2,14.42,6.2,5.8,8.2,5.8,34.77,-0.0,34.77,-0.0,4.94,25.51,4.94,3.08,9.02,3.08,9.02,1.86,7.26,1.86,4.94,25.51,4.94,25.51
22,5.39,0.52,24.44,0.52,24.44,6.38,24.44,0.81,12.6,0.81,5.39,0.52,0.52,5.39,5.39,2.54,4.25,2.54,4.25,0.0,4.25,1.1,-0.0,1.1,5.39,2.54,2.54,5.39,-0.0,5.09,4.25,5.09,4.25,-0.0,4.25,5.23,-0.0,5.23,-0.0,5.09,5.09,-0.0,9.01,97.82,11.89,97.82,11.89,0.0,11.89,70.02,0.0,70.02,9.01,97.82,97.82,9.01,81.47,67.09,332.46,67.09,332.46,150.57,332.46,125.99,141.62,125.99,81.47,67.09,67.09,81.47,0.0,4.43,0.0,4.43,0.0,0.0,0.0,0.37,-0.0,0.37,0.0,4.43,4.43,0.0,0.0,3.88,15.33,3.88,15.33,4.62,15.33,7.4,17.31,7.4,0.0,3.88,3.88,0.0,6.2,32.16,11.89,32.16,11.89,-0.0,11.89,25.33,-0.0,25.33,6.2,32.16,32.16,6.2,9.01,20.08,11.89,20.08,11.89,-0.0,11.89,34.88,-0.0,34.88,9.01,20.08,20.08,9.01,9.01,24.1,11.89,24.1,11.89,-0.0,11.89,27.59,-0.0,27.59,9.01,24.1,24.1,9.01,6.2,32.16,11.89,32.16,11.89,-0.0,11.89,25.33,-0.0,25.33,6.2,32.16,32.16,6.2,9.02,10.99,59.95,10.99,59.95,25.51,59.95,19.79,36.15,19.79,9.02,10.99,10.99,9.02
23,-0.0,24.44,-0.0,5.39,-0.0,0.0,-0.0,4.27,-4.6,4.27,24.44,-0.0,-0.0,24.44,-0.0,4.25,-0.0,5.39,-0.0,0.0,-0.0,-0.0,-4.6,-0.0,4.25,-0.0,-0.0,4.25,0.19,4.25,0.19,-0.0,0.19,0.34,0.19,2.35,0.35,2.35,4.25,0.19,0.19,4.25,42.26,11.89,42.26,9.01,42.26,56.67,42.26,19.53,52.63,19.53,11.89,42.26,42.26,11.89,54.99,332.46,54.99,81.47,54.99,86.87,54.99,137.49,73.96,137.49,332.46,54.99,54.99,332.46,1.32,0.0,1.32,0.0,1.32,0.0,1.32,-0.0,-0.0,-0.0,0.0,1.32,1.32,0.0,-0.0,15.33,-0.0,0.0,-0.0,1.45,-0.0,12.92,-0.0,12.92,15.33,-0.0,-0.0,15.33,7.66,11.89,7.66,6.2,7.66,34.77,7.66,16.83,22.97,16.83,11.89,7.66,7.66,11.89,15.04,11.89,15.04,9.01,15.04,35.47,15.04,19.53,31.8,19.53,11.89,15.04,15.04,11.89,14.96,11.89,14.96,9.01,14.96,35.03,14.96,19.53,13.25,19.53,11.89,14.96,14.96,11.89,7.66,11.89,7.66,6.2,7.66,34.77,7.66,16.83,22.97,16.83,11.89,7.66,7.66,11.89,3.73,59.95,3.73,9.02,3.73,4.94,3.73,6.33,-0.0,6.33,59.95,3.73,3.73,59.95
24,-0.17,-0.59,11.57,-0.59,1.85,-0.59,1.96,-0.59,1.96,-0.01,-0.17,-0.59,-0.59,-0.17,-0.2,0.01,1.31,0.01,0.06,0.01,-1.33,0.01,-1.33,6.24,-0.2,0.01,0.01,-0.2,-0.2,4.11,0.53,4.11,0.87,4.11,1.42,4.11,1.42,2.65,-0.2,4.11,4.11,-0.2,37.99,74.47,6.94,74.47,94.61,74.47,15.92,74.47,15.92,109.54,37.99,74.47,74.47,37.99,35.0,45.65,240.86,45.65,111.88,45.65,110.51,45.65,110.51,94.29,35.0,45.65,45.65,35.0,0.0,2.42,2.85,2.42,7.0,2.42,-0.97,2.42,-0.97,6.19,0.0,2.42,2.42,0.0,-0.17,2.99,11.6,2.99,7.0,2.99,2.28,2.99,2.28,0.11,-0.17,2.99,2.99,-0.17,25.97,25.15,6.94,25.15,21.72,25.15,9.61,25.15,9.61,33.22,25.97,25.15,25.15,25.97,19.05,22.7,6.94,22.7,45.32,22.7,4.52,22.7,4.52,19.67,19.05,22.7,22.7,19.05,9.46,19.56,1.2,19.56,28.72,19.56,5.76,19.56,5.76,11.61,9.46,19.56,19.56,9.46,25.97,25.15,6.94,25.15,21.72,25.15,9.61,25.15,9.61,33.22,25.97,25.15,25.15,25.97,1.01,8.14,31.02,8.14,18.5,8.14,17.65,8.14,17.65,9.99,1.01,8.14,8.14,1.01
25,-0.0,11.57,-0.0,-0.17,-0.0,-0.17,-0.07,-0.17,-0.07,0.0,11.57,-0.0,-0.0,11.57,1.5,1.31,1.5,-0.2,0.08,-0.2,-0.74,-0.2,-0.74,0.39,1.31,1.5,1.5,1.31,1.5,0.53,1.5,-0.2,0.08,-0.2,0.8,-0.2,0.8,2.52,0.53,1.5,1.5,0.53,38.96,6.94,38.96,37.99,14.26,37.99,46.13,37.99,46.13,18.81,6.94,38.96,38.96,6.94,42.29,240.86,42.29,35.0,47.79,35.0,15.69,35.0,15.69,32.6,240.86,42.29,42.29,240.86,-0.0,2.85,-0.0,0.0,-0.0,0.0,-0.0,0.0,-0.0,0.11,2.85,-0.0,-0.0,2.85,1.5,11.6,1.5,-0.17,-0.0,-0.17,0.37,-0.17,0.37,-0.0,11.6,1.5,1.5,11.6,15.24,6.94,15.24,25.97,8.2,25.97,15.69,25.97,15.69,14.42,6.94,15.24,15.24,6.94,19.25,6.94,19.25,19.05,14.26,19.05,1.82,19.05,1.82,16.07,6.94,19.25,19.25,6.94,12.1,1.2,12.1,9.46,14.26,9.46,5.48,9.46,5.48,18.81,1.2,12.1,12.1,1.2,15.24,6.94,15.24,25.97,8.2,25.97,15.69,25.97,15.69,14.42,6.94,15.24,15.24,6.94,4.29,31.02,4.29,1.01,7.26,1.01,2.41,1.01,2.41,3.08,31.02,4.29,4.29,31.02
26,-0.0,1.85,12.6,1.85,12.6,11.57,0.0,11.57,0.0,6.38,1.85,-0.0,1.85,-0.0,0.08,0.06,-0.0,0.06,-0.0,1.31,-0.05,1.31,-0.05,0.0,0.06,0.08,0.06,0.08,0.08,0.87,-0.0,0.87,-0.0,0.53,6.42,0.53,6.42,-0.0,0.87,0.08,0.87,0.08,14.26,94.61,0.0,94.61,0.0,6.94,54.64,6.94,54.64,0.0,94.61,14.26,94.61,14.26,47.79,111.88,141.62,111.88,141.62,240.86,97.62,240.86,97.62,150.57,111.88,47.79,111.88,47.79,-0.0,7.0,-0.0,7.0,-0.0,2.85,-0.18,2.85,-0.18,0.0,7.0,-0.0,7.0,-0.0,-0.0,7.0,17.31,7.0,17.31,11.6,-0.18,11.6,-0.18,4.62,7.0,-0.0,7.0,-0.0,8.2,21.72,-0.0,21.72,-0.0,6.94,16.22,6.94,16.22,-0.0,21.72,8.2,21.72,8.2,14.26,45.32,-0.0,45.32,-0.0,6.94,29.75,6.94,29.75,-0.0,45.32,14.26,45.32,14.26,14.26,28.72,-0.0,28.72,-0.0,1.2,15.01,1.2,15.01,-0.0,28.72,14.26,28.72,14.26,8.2,21.72,-0.0,21.72,-0.0,6.94,16.22,6.94,16.22,-0.0,21.72,8.2,21.72,8.2,7.26,18.5,36.15,18.5,36.15,31.02,21.12,31.02,21.12,25.51,18.5,7.26,18.5,7.26
27,-4.6,12.6,-4.6,-0.0,-4.6,-0.0,0.0,-0.0,0.0,0.0,-4.6,12.6,-4.6,12.6,-4.6,-0.0,-4.6,0.08,-4.6,1.5,0.0,1.5,0.0,0.0,-4.6,-0.0,-4.6,-0.0,0.35,-0.0,0.35,0.08,0.35,1.5,-0.0,1.5,-0.0,0.34,0.35,-0.0,0.35,-0.0,52.63,0.0,52.63,14.26,52.63,38.96,5.55,38.96,5.55,56.67,52.63,0.0,52.63,0.0,73.96,141.62,73.96,47.79,73.96,42.29,106.97,42.29,106.97,86.87,73.96,141.62,73.96,141.62,-0.0,-0.0,-0.0,-0.0,-0.0,-0.0,0.0,-0.0,0.0,0.0,-0.0,-0.0,-0.0,-0.0,-0.0,17.31,-0.0,-0.0,-0.0,1.5,-0.0,1.5,-0.0,1.45,-0.0,17.31,-0.0,17.31,22.97,-0.0,22.97,8.2,22.97,15.24,5.5,15.24,5.5,34.77,22.97,-0.0,22.97,-0.0,31.8,-0.0,31.8,14.26,31.8,19.25,5.55,19.25,5.55,35.47,31.8,-0.0,31.8,-0.0,13.25,-0.0,13.25,14.26,13.25,12.1,5.55,12.1,5.55,35.03,13.25,-0.0,13.25,-0.0,22.97,-0.0,22.97,8.2,22.97,15.24,5.5,15.24,5.5,34.77,22.97,-0.0,22.97,-0.0,-0.0,36.15,-0.0,7.26,-0.0,4.29,5.17,4.29,5.17,4.94,-0.0,36.15,-0.0,36.15
28,-0.07,1.96,0.0,1.96,5.99,1.96,5.99,1.85,5.99,0.52,1.96,-0.07,-0.07,1.96,-0.74,-1.33,-0.05,-1.33,-1.45,-1.33,-1.45,0.06,-1.45,2.54,-1.33,-0.74,-0.74,-1.33,0.8,1.42,6.42,1.42,4.22,1.42,4.22,0.87,4.22,5.09,1.42,0.8,0.8,1.42,46.13,15.92,54.64,15.92,5.36,15.92,5.36,94.61,5.36,97.82,15.92,46.13,46.13,15.92,15.69,110.51,97.62,110.51,88.38,110.51,88.38,111.88,88.38,67.09,110.51,15.69,15.69,110.51,-0.0,-0.97,-0.18,-0.97,0.0,-0.97,0.0,7.0,0.0,4.43,-0.97,-0.0,-0.0,-0.97,0.37,2.28,-0.18,2.28,7.45,2.28,7.45,7.0,7.45,3.88,2.28,0.37,0.37,2.28,15.69,9.61,16.22,9.61,5.36,9.61,5.36,21.72,5.36,32.16,9.61,15.69,15.69,9.61,1.82,4.52,29.75,4.52,5.36,4.52,5.36,45.32,5.36,20.08,4.52,1.82,1.82,4.52,5.48,5.76,15.01,5.76,5.36,5.76,5.36,28.72,5.36,24.1,5.76,5.48,5.48,5.76,15.69,9.61,16.22,9.61,5.36,9.61,5.36,21.72,5.36,32.16,9.61,15.69,15.69,9.61,2.41,17.65,21.12,17.65,16.97,17.65,16.97,18.5,16.97,10.99,17.65,2.41,2.41,17.65
29,0.0,0.0,0.0,-0.07,0.0,-0.07,0.0,-0.0,0.0,5.39,0.0,0.0,0.0,0.0,0.0,-0.05,0.0,-0.74,0.0,-0.74,0.0,0.08,0.0,5.39,0.0,-0.05,-0.05,0.0,-0.0,6.42,-0.0,0.8,0.11,0.8,0.11,0.08,0.11,-0.0,-0.0,6.42,6.42,-0.0,5.55,54.64,5.55,46.13,41.71,46.13,41.71,14.26,41.71,9.01,5.55,54.64,54.64,5.55,106.97,97.62,106.97,15.69,52.43,15.69,52.43,47.79,52.43,81.47,106.97,97.62,97.62,106.97,0.0,-0.18,0.0,-0.0,0.0,-0.0,0.0,-0.0,0.0,0.0,0.0,-0.18,-0.18,0.0,-0.0,-0.18,-0.0,0.37,-0.0,0.37,-0.0,-0.0,-0.0,0.0,-0.0,-0.18,-0.18,-0.0,5.5,16.22,5.5,15.69,10.35,15.69,10.35,8.2,10.35,6.2,5.5,16.22,16.22,5.5,5.55,29.75,5.55,1.82,9.85,1.82,9.85,14.26,9.85,9.01,5.55,29.75,29.75,5.55,5.55,15.01,5.55,5.48,8.59,5.48,8.59,14.26,8.59,9.01,5.55,15.01,15.01,5.55,5.5,16.22,5.5,15.69,10.35,15.69,10.35,8.2,10.35,6.2,5.5,16.22,16.22,5.5,5.17,21.12,5.17,2.41,1.44,2.41,1.44,7.26,1.44,9.02,5.17,21.12,21.12,5.17
30,0.0,5.99,0.56,5.99,0.56,0.0,0.56,12.6,0.56,24.44,0.0,5.99,0.0,5.99,0.0,-1.45,0.01,-1.45,0.01,-0.05,0.01,-0.0,0.01,4.25,0.0,-1.45,0.0,-1.45,0.11,4.22,0.02,4.22,0.02,6.42,0.02,-0.0,0.02,4.25,0.11,4.22,0.11,4.22,41.71,5.36,77.35,5.36,77.35,54.64,77.35,0.0,77.35,11.89,41.71,5.36,41.71,5.36,52.43,88.38,202.08,88.38,202.08,97.62,202.08,141.62,202.08,332.46,52.43,88.38,52.43,88.38,0.0,0.0,0.0,0.0,0.0,-0.18,0.0,-0.0,0.0,0.0,0.0,0.0,0.0,0.0,-0.0,7.45,26.17,7.45,26.17,-0.18,26.17,17.31,26.17,15.33,-0.0,7.45,-0.0,7.45,10.35,5.36,13.09,5.36,13.09,16.22,13.09,-0.0,13.09,11.89,10.35,5.36,10.35,5.36,9.85,5.36,41.25,5.36,41.25,29.75,41.25,-0.0,41.25,11.89,9.85,5.36,9.85,5.36,8.59,5.36,16.13,5.36,16.13,15.01,16.13,-0.0,16.13,11.89,8.59,5.36,8.59,5.36,10.35,5.36,13.09,5.36,13.09,16.22,13.09,-0.0,13.09,11.89,10.35,5.36,10.35,5.36,1.44,16.97,39.78,16.97,39.78,21.12,39.78,36.15,39.78,59.95,1.44,16.97,1.44,16.97
31,2.28,0.56,2.28,0.0,2.28,0.0,2.28,-4.6,2.28,-0.0,0.56,2.28,0.56,2.28,0.0,0.01,0.0,0.0,0.0,0.0,0.0,-4.6,0.0,-0.0,0.01,0.0,0.01,0.0,-0.0,0.02,-0.0,0.11,-0.0,-0.0,-0.0,0.35,-0.0,0.19,0.02,-0.0,0.02,-0.0,16.84,77.35,16.84,41.71,16.84,5.55,16.84,52.63,16.84,42.26,77.35,16.84,77.35,16.84,62.3,202.08,62.3,52.43,62.3,106.97,62.3,73.96,62.3,54.99,202.08,62.3,202.08,62.3,0.0,0.0,0.0,0.0,0.0,0.0,0.0,-0.0,0.0,1.32,0.0,0.0,0.0,0.0,2.43,26.17,2.43,-0.0,2.43,-0.0,2.43,-0.0,2.43,-0.0,26.17,2.43,26.17,2.43,16.84,13.09,16.84,10.35,16.84,5.5,16.84,22.97,16.84,7.66,13.09,16.84,13.09,16.84,16.84,41.25,16.84,9.85,16.84,5.55,16.84,31.8,16.84,15.04,41.25,16.84,41.25,16.84,16.84,16.13,16.84,8.59,16.84,5.55,16.84,13.25,16.84,14.96,16.13,16.84,16.13,16.84,16.84,13.09,16.84,10.35,16.84,5.5,16.84,22.97,16.84,7.66,13.09,16.84,13.09,16.84,7.64,39.78,7.64,1.44,7.64,5.17,7.64,-0.0,7.64,3.73,39.78,7.64,39.78,7.64
32,-0.16,1.28,-0.16,1.28,-0.16,3.61,-0.16,0.22,-0.16,0.93,0.58,-0.16,-0.16,3.61,-0.0,2.55,-0.0,2.55,-0.0,0.0,-0.0,5.77,-0.0,0.0,0.63,-0.0,-0.0,0.0,-0.0,4.32,-0.0,4.32,-0.0,-0.0,-0.0,5.06,-0.0,0.7,5.16,-0.0,-0.0,-0.0,41.86,67.61,41.86,67.61,41.86,-0.0,41.86,59.41,41.86,6.41,5.9,41.86,41.86,-0.0,40.15,72.08,40.15,72.08,40.15,65.03,40.15,116.43,40.15,79.23,120.62,40.15,40.15,65.03,-0.16,0.24,-0.16,0.24,-0.16,0.0,-0.16,-0.0,-0.16,0.0,0.0,-0.16,-0.16,0.0,-0.0,1.47,-0.0,1.47,-0.0,3.61,-0.0,5.41,-0.0,0.93,0.58,-0.0,-0.0,3.61,10.64,18.45,10.64,18.45,10.64,-0.0,10.64,25.65,10.64,6.41,5.9,10.64,10.64,-0.0,17.54,29.44,17.54,29.44,17.54,-0.0,17.54,48.34,17.54,6.41,5.9,17.54,17.54,-0.0,11.73,21.53,11.73,21.53,11.73,-0.0,11.73,24.74,11.73,6.41,5.9,11.73,11.73,-0.0,10.64,18.45,10.64,18.45,10.64,-0.0,10.64,25.65,10.64,6.41,5.9,10.64,10.64,-0.0,2.11,17.97,2.11,17.97,2.11,10.86,2.11,17.51,2.11,2.25,0.76,2.11,2.11,10.86
33,3.61,2.06,3.61,2.06,1.28,2.06,1.28,-0.0,1.28,-0.45,3.53,1.28,1.28,2.06,0.0,-0.0,0.0,-0.0,2.55,-0.0,2.55,-0.0,2.55,1.97,0.66,2.55,2.55,-0.0,-0.0,-0.0,-0.0,-0.0,4.32,-0.0,4.32,1.86,4.32,1.97,2.26,4.32,4.32,-0.0,-0.0,-0.0,-0.0,-0.0,67.61,-0.0,67.61,38.93,67.61,2.92,12.73,67.61,67.61,-0.0,65.03,80.08,65.03,80.08,72.08,80.08,72.08,20.89,72.08,94.13,148.4,72.08,72.08,80.08,0.0,-0.0,0.0,-0.0,0.24,-0.0,0.24,0.13,0.24,-2.87,0.66,0.24,0.24,-0.0,3.61,3.11,3.61,3.11,1.47,3.11,1.47,1.14,1.47,0.89,8.17,1.47,1.47,3.11,-0.0,-0.0,-0.0,-0.0,18.45,-0.0,18.45,20.89,18.45,2.92,12.73,18.45,18.45,-0.0,-0.0,-0.0,-0.0,-0.0,29.44,-0.0,29.44,4.64,29.44,2.92,12.73,29.44,29.44,-0.0,-0.0,-0.0,-0.0,-0.0,21.53,-0.0,21.53,7.11,21.53,2.92,7.41,21.53,21.53,-0.0,-0.0,-0.0,-0.0,-0.0,18.45,-0.0,18.45,20.89,18.45,2.92,12.73,18.45,18.45,-0.0,10.86,19.45,10.86,19.45,17.97,19.45,17.97,0.59,17.97,20.07,22.73,17.97,17.97,19.45
34,-0.0,0.22,0.22,-0.0,0.22,5.02,3.61,5.02,3.61,4.05,0.0,3.61,0.22,5.02,-0.0,5.77,5.77,-0.0,5.77,0.0,0.0,0.0,0.0,4.05,0.0,0.0,5.77,0.0,1.86,5.06,5.06,1.86,5.06,-0.0,-0.0,-0.0,-0.0,6.56,0.14,-0.0,5.06,-0.0,38.93,59.41,59.41,38.93,59.41,-0.0,-0.0,-0.0,-0.0,68.31,59.9,-0.0,59.41,-0.0,20.89,116.43,116.43,20.89,116.43,137.86,65.03,137.86,65.03,56.59,65.18,65.03,116.43,137.86,0.13,-0.0,-0.0,0.13,-0.0,0.0,0.0,0.0,0.0,0.0,0.0,0.0,-0.0,0.0,1.14,5.41,5.41,1.14,5.41,10.49,3.61,10.49,3.61,-0.0,-0.0,3.61,5.41,10.49,20.89,25.65,25.65,20.89,25.65,-0.0,-0.0,-0.0,-0.0,40.49,33.82,-0.0,25.65,-0.0,4.64,48.34,48.34,4.64,48.34,-0.0,-0.0,-0.0,-0.0,10.17,43.16,-0.0,48.34,-0.0,7.11,24.74,24.74,7.11,24.74,-0.0,-0.0,-0.0,-0.0,11.51,19.05,-0.0,24.74,-0.0,20.89,25.65,25.65,20.89,25.65,-0.0,-0.0,-0.0,-0.0,40.49,33.82,-0.0,25.65,-0.0,0.59,17.51,17.51,0.59,17.51,25.27,10.86,25.27,10.86,5.6,10.22,10.86,17.51,25.27
35,-0.14,5.02,5.02,-0.14,-0.0,-0.14,2.06,-0.14,2.06,0.19,1.11,2.06,-0.0,-0.14,0.0,0.0,0.0,0.0,-0.0,0.0,-0.0,0.0,-0.0,0.21,-0.0,-0.0,-0.0,0.0,0.0,-0.0,-0.0,0.0,1.86,0.0,-0.0,0.0,-0.0,1.2,1.81,-0.0,1.86,0.0,0.0,-0.0,-0.0,0.0,38.93,0.0,-0.0,0.0,-0.0,88.86,128.32,-0.0,38.93,0.0,36.44,137.86,137.86,36.44,20.89,36.44,80.08,36.44,80.08,56.03,78.01,80.08,20.89,36.44,0.0,0.0,0.0,0.0,0.13,0.0,-0.0,0.0,-0.0,0.26,4.72,-0.0,0.13,0.0,-0.14,10.49,10.49,-0.14,1.14,-0.14,3.11,-0.14,3.11,2.22,4.71,3.11,1.14,-0.14,-0.0,-0.0,-0.0,-0.0,20.89,-0.0,-0.0,-0.0,-0.0,29.24,21.46,-0.0,20.89,-0.0,-0.0,-0.0,-0.0,-0.0,4.64,-0.0,-0.0,-0.0,-0.0,21.05,45.76,-0.0,4.64,-0.0,-0.0,-0.0,-0.0,-0.0,7.11,-0.0,-0.0,-0.0,-0.0,18.21,19.1,-0.0,7.11,-0.0,-0.0,-0.0,-0.0,-0.0,20.89,-0.0,-0.0,-0.0,-0.0,29.24,21.46,-0.0,20.89,-0.0,2.39,25.27,25.27,2.39,0.59,2.39,19.45,2.39,19.45,9.88,5.17,19.45,0.59,2.39
36,0.93,-0.45,0.93,-0.45,0.93,4.05,0.93,6.54,0.22,6.54,14.56,0.22,4.05,0.93,0.0,1.97,0.0,1.97,0.0,4.05,0.0,-1.12,5.77,-1.12,1.88,5.77,4.05,0.0,0.7,1.97,0.7,1.97,0.7,6.56,0.7,-1.12,5.06,-1.12,1.68,5.06,6.56,0.7,6.41,2.92,6.41,2.92,6.41,68.31,6.41,-0.0,59.41,-0.0,17.61,59.41,68.31,6.41,79.23,94.13,79.23,94.13,79.23,56.59,79.23,177.86,116.43,177.86,313.82,116.43,56.59,79.23,0.0,-2.87,0.0,-2.87,0.0,0.0,0.0,0.0,-0.0,0.0,1.68,-0.0,0.0,0.0,0.93,0.89,0.93,0.89,0.93,-0.0,0.93,17.65,5.41,17.65,14.54,5.41,-0.0,0.93,6.41,2.92,6.41,2.92,6.41,40.49,6.41,-0.0,25.65,-0.0,16.64,25.65,40.49,6.41,6.41,2.92,6.41,2.92,6.41,10.17,6.41,-0.0,48.34,-0.0,17.61,48.34,10.17,6.41,6.41,2.92,6.41,2.92,6.41,11.51,6.41,-1.88,24.74,-1.88,7.55,24.74,11.51,6.41,6.41,2.92,6.41,2.92,6.41,40.49,6.41,-0.0,25.65,-0.0,16.64,25.65,40.49,6.41,2.25,20.07,2.25,20.07,2.25,5.6,2.25,20.22,17.51,20.22,38.05,17.51,5.6,2.25
37,4.05,0.19,4.05,0.19,-0.45,0.19,-0.45,-3.73,-0.0,-3.73,0.48,-0.0,0.19,-0.45,4.05,0.21,4.05,0.21,1.97,0.21,1.97,-0.0,-0.0,-0.0,0.94,-0.0,0.21,1.97,6.56,1.2,6.56,1.2,1.97,1.2,1.97,-3.73,1.86,-3.73,-0.0,1.86,1.2,1.97,68.31,88.86,68.31,88.86,2.92,88.86,2.92,-0.0,38.93,-0.0,10.42,38.93,88.86,2.92,56.59,56.03,56.59,56.03,94.13,56.03,94.13,44.21,20.89,44.21,54.36,20.89,56.03,94.13,0.0,0.26,0.0,0.26,-2.87,0.26,-2.87,-0.0,0.13,-0.0,-0.0,0.13,0.26,-2.87,-0.0,2.22,-0.0,2.22,0.89,2.22,0.89,-0.22,1.14,-0.22,0.94,1.14,2.22,0.89,40.49,29.24,40.49,29.24,2.92,29.24,2.92,-0.0,20.89,-0.0,10.42,20.89,29.24,2.92,10.17,21.05,10.17,21.05,2.92,21.05,2.92,-0.0,4.64,-0.0,10.42,4.64,21.05,2.92,11.51,18.21,11.51,18.21,2.92,18.21,2.92,-0.0,7.11,-0.0,3.74,7.11,18.21,2.92,40.49,29.24,40.49,29.24,2.92,29.24,2.92,-0.0,20.89,-0.0,10.42,20.89,29.24,2.92,5.6,9.88,5.6,9.88,20.07,9.88,20.07,2.34,0.59,2.34,1.22,0.59,9.88,20.07
38,-3.73,6.54,6.54,-3.73,6.54,-0.0,4.05,-0.0,5.02,-0.0,1.88,5.02,-0.0,6.54,-0.0,-1.12,-1.12,-0.0,-1.12,-0.0,4.05,-0.0,0.0,-0.0,-0.0,0.0,-0.0,-1.12,-3.73,-1.12,-1.12,-3.73,-1.12,2.82,6.56,2.82,-0.0,2.82,2.26,-0.0,2.82,-1.12,-0.0,-0.0,-0.0,-0.0,-0.0,55.69,68.31,55.69,-0.0,55.69,115.0,-0.0,55.69,-0.0,44.21,177.86,177.86,44.21,177.86,86.79,56.59,86.79,137.86,86.79,162.37,137.86,86.79,177.86,-0.0,0.0,0.0,-0.0,0.0,-3.53,0.0,-3.53,0.0,-3.53,0.16,0.0,-3.53,0.0,-0.22,17.65,17.65,-0.22,17.65,0.29,-0.0,0.29,10.49,0.29,10.77,10.49,0.29,17.65,-0.0,-0.0,-0.0,-0.0,-0.0,27.68,40.49,27.68,-0.0,27.68,34.07,-0.0,27.68,-0.0,-0.0,-0.0,-0.0,-0.0,-0.0,23.12,10.17,23.12,-0.0,23.12,50.38,-0.0,23.12,-0.0,-0.0,-1.88,-1.88,-0.0,-1.88,12.69,11.51,12.69,-0.0,12.69,17.17,-0.0,12.69,-1.88,-0.0,-0.0,-0.0,-0.0,-0.0,27.68,40.49,27.68,-0.0,27.68,33.54,-0.0,27.68,-0.0,2.34,20.22,20.22,2.34,20.22,4.2,5.6,4.2,25.27,4.2,19.96,25.27,4.2,20.22
39,0.0,-0.0,-0.0,0.0,-3.73,0.0,0.19,0.0,-0.14,0.0,-0.0,-0.14,0.0,-3.73,0.0,-0.0,-0.0,0.0,-0.0,0.0,0.21,0.0,0.0,0.0,-0.0,0.0,0.0,-0.0,0.21,2.82,2.82,0.21,-3.73,0.21,1.2,0.21,0.0,0.21,0.22,0.0,0.21,-3.73,37.12,55.69,55.69,37.12,-0.0,37.12,88.86,37.12,0.0,37.12,55.92,0.0,37.12,-0.0,17.98,86.79,86.79,17.98,44.21,17.98,56.03,17.98,36.44,17.98,38.23,36.44,17.98,44.21,0.0,-3.53,-3.53,0.0,-0.0,0.0,0.26,0.0,0.0,0.0,-0.0,0.0,0.0,-0.0,0.57,0.29,0.29,0.57,-0.22,0.57,2.22,0.57,-0.14,0.57,-0.0,-0.14,0.57,-0.22,10.63,27.68,27.68,10.63,-0.0,10.63,29.24,10.63,-0.0,10.63,12.38,-0.0,10.63,-0.0,6.75,23.12,23.12,6.75,-0.0,6.75,21.05,6.75,-0.0,6.75,25.53,-0.0,6.75,-0.0,12.15,12.69,12.69,12.15,-0.0,12.15,18.21,12.15,-0.0,12.15,24.1,-0.0,12.15,-0.0,10.63,27.68,27.68,10.63,-0.0,10.63,29.24,10.63,-0.0,10.63,15.39,-0.0,10.63,-0.0,0.21,4.2,4.2,0.21,2.34,0.21,9.88,0.21,2.39,0.21,6.48,2.39,0.21,2.34
40,0.58,3.53,0.58,3.53,0.58,0.0,0.58,14.56,0.58,-0.53,-0.53,0.93,0.0,0.58,0.63,0.66,0.63,0.66,0.63,0.0,0.63,1.88,0.63,-0.1,-0.1,0.0,0.0,0.63,5.16,2.26,5.16,2.26,5.16,0.14,5.16,1.68,5.16,1.02,1.02,0.7,0.14,5.16,5.9,12.73,5.9,12.73,5.9,59.9,5.9,17.61,5.9,66.8,66.8,6.41,59.9,5.9,120.62,148.4,120.62,148.4,120.62,65.18,120.62,313.82,120.62,75.32,75.32,79.23,65.18,120.62,0.0,0.66,0.0,0.66,0.0,0.0,0.0,1.68,0.0,-0.53,-0.53,0.0,0.0,0.0,0.58,8.17,0.58,8.17,0.58,-0.0,0.58,14.54,0.58,-0.53,-0.53,0.93,-0.0,0.58,5.9,12.73,5.9,12.73,5.9,33.82,5.9,16.64,5.9,43.86,43.86,6.41,33.82,5.9,5.9,12.73,5.9,12.73,5.9,43.16,5.9,17.61,5.9,20.67,20.67,6.41,43.16,5.9,5.9,7.41,5.9,7.41,5.9,19.05,5.9,7.55,5.9,23.4,23.4,6.41,19.05,5.9,5.9,12.73,5.9,12.73,5.9,33.82,5.9,16.64,5.9,43.86,43.86,6.41,33.82,5.9,0.76,22.73,0.76,22.73,0.76,10.22,0.76,38.05,0.76,1.16,1.16,2.25,10.22,0.76
41,0.0,1.11,0.0,1.11,3.53,1.11,3.53,0.48,3.53,6.5,6.5,-0.45,1.11,3.53,0.0,-0.0,0.0,-0.0,0.66,-0.0,0.66,0.94,0.66,0.33,0.33,1.97,-0.0,0.66,0.14,1.81,0.14,1.81,2.26,1.81,2.26,-0.0,2.26,9.0,9.0,1.97,1.81,2.26,59.9,128.32,59.9,128.32,12.73,128.32,12.73,10.42,12.73,127.24,127.24,2.92,128.32,12.73,65.18,78.01,65.18,78.01,148.4,78.01,148.4,54.36,148.4,112.59,112.59,94.13,78.01,148.4,0.0,4.72,0.0,4.72,0.66,4.72,0.66,-0.0,0.66,6.99,6.99,-2.87,4.72,0.66,-0.0,4.71,-0.0,4.71,8.17,4.71,8.17,0.94,8.17,6.58,6.58,0.89,4.71,8.17,33.82,21.46,33.82,21.46,12.73,21.46,12.73,10.42,12.73,58.81,58.81,2.92,21.46,12.73,43.16,45.76,43.16,45.76,12.73,45.76,12.73,10.42,12.73,48.13,48.13,2.92,45.76,12.73,19.05,19.1,19.05,19.1,7.41,19.1,7.41,3.74,7.41,43.38,43.38,2.92,19.1,7.41,33.82,21.46,33.82,21.46,12.73,21.46,12.73,10.42,12.73,58.81,58.81,2.92,21.46,12.73,10.22,5.17,10.22,5.17,22.73,5.17,22.73,1.22,22.73,18.31,18.31,20.07,5.17,22.73
42,0.48,14.56,14.56,0.48,14.56,1.88,0.0,1.88,0.0,0.0,0.0,4.05,1.88,14.56,0.94,1.88,1.88,0.94,1.88,-0.0,0.0,-0.0,0.0,0.0,0.0,4.05,-0.0,1.88,-0.0,1.68,1.68,-0.0,1.68,2.26,0.14,2.26,0.14,1.21,1.21,6.56,2.26,1.68,10.42,17.61,17.61,10.42,17.61,115.0,59.9,115.0,59.9,5.87,5.87,68.31,115.0,17.61,54.36,313.82,313.82,54.36,313.82,162.37,65.18,162.37,65.18,110.15,110.15,56.59,162.37,313.82,-0.0,1.68,1.68,-0.0,1.68,0.16,0.0,0.16,0.0,0.0,0.0,0.0,0.16,1.68,0.94,14.54,14.54,0.94,14.54,10.77,-0.0,10.77,-0.0,1.24,1.24,-0.0,10.77,14.54,10.42,16.64,16.64,10.42,16.64,34.07,33.82,34.07,33.82,5.87,5.87,40.49,34.07,16.64,10.42,17.61,17.61,10.42,17.61,50.38,43.16,50.38,43.16,5.87,5.87,10.17,50.38,17.61,3.74,7.55,7.55,3.74,7.55,17.17,19.05,17.17,19.05,4.05,4.05,11.51,17.17,7.55,10.42,16.64,16.64,10.42,16.64,33.54,33.82,33.54,33.82,5.87,5.87,40.49,33.54,16.64,1.22,38.05,38.05,1.22,38.05,19.96,10.22,19.96,10.22,17.91,17.91,5.6,19.96,38.05
43,-0.0,1.88,1.88,-0.0,0.48,-0.0,1.11,-0.0,1.11,-1.23,-1.23,0.19,-0.0,0.48,-0.0,-0.0,-0.0,-0.0,0.94,-0.0,-0.0,-0.0,-0.0,-0.17,-0.17,0.21,-0.0,0.94,0.22,2.26,2.26,0.22,-0.0,0.22,1.81,0.22,1.81,-2.37,-2.37,1.2,0.22,-0.0,55.92,115.0,115.0,55.92,10.42,55.92,128.32,55.92,128.32,11.78,11.78,88.86,55.92,10.42,38.23,162.37,162.37,38.23,54.36,38.23,78.01,38.23,78.01,111.95,111.95,56.03,38.23,54.36,-0.0,0.16,0.16,-0.0,-0.0,-0.0,4.72,-0.0,4.72,-5.32,-5.32,0.26,-0.0,-0.0,-0.0,10.77,10.77,-0.0,0.94,-0.0,4.71,-0.0,4.71,6.11,6.11,2.22,-0.0,0.94,12.38,34.07,34.07,12.38,10.42,12.38,21.46,12.38,21.46,7.21,7.21,29.24,12.38,10.42,25.53,50.38,50.38,25.53,10.42,25.53,45.76,25.53,45.76,11.78,11.78,21.05,25.53,10.42,24.1,17.17,17.17,24.1,3.74,24.1,19.1,24.1,19.1,10.68,10.68,18.21,24.1,3.74,15.39,33.54,33.54,15.39,10.42,15.39,21.46,15.39,21.46,7.21,7.21,29.24,15.39,10.42,6.48,19.96,19.96,6.48,1.22,6.48,5.17,6.48,5.17,12.26,12.26,9.88,6.48,1.22
44,-0.53,6.5,-0.53,6.5,-0.53,0.0,-0.53,12.58,14.56,12.58,12.58,6.54,-0.53,0.0,-0.1,0.33,-0.1,0.33,-0.1,0.0,-0.1,11.34,1.88,11.34,11.34,-1.12,-0.1,0.0,1.02,9.0,1.02,9.0,1.02,1.21,1.02,0.76,1.68,0.76,0.76,-1.12,1.02,1.21,66.8,127.24,66.8,127.24,66.8,5.87,66.8,102.23,17.61,102.23,102.23,-0.0,66.8,5.87,75.32,112.59,75.32,112.59,75.32,110.15,75.32,234.75,313.82,234.75,234.75,177.86,75.32,110.15,-0.53,6.99,-0.53,6.99,-0.53,0.0,-0.53,11.32,1.68,11.32,11.32,0.0,-0.53,0.0,-0.53,6.58,-0.53,6.58,-0.53,1.24,-0.53,39.8,14.54,39.8,39.8,17.65,-0.53,1.24,43.86,58.81,43.86,58.81,43.86,5.87,43.86,32.92,16.64,32.92,32.92,-0.0,43.86,5.87,20.67,48.13,20.67,48.13,20.67,5.87,20.67,69.16,17.61,69.16,69.16,-0.0,20.67,5.87,23.4,43.38,23.4,43.38,23.4,4.05,23.4,41.97,7.55,41.97,41.97,-1.88,23.4,4.05,43.86,58.81,43.86,58.81,43.86,5.87,43.86,32.92,16.64,32.92,32.92,-0.0,43.86,5.87,1.16,18.31,1.16,18.31,1.16,17.91,1.16,59.59,38.05,59.59,59.59,20.22,1.16,17.91
45,0.0,-1.23,0.0,-1.23,6.5,-1.23,6.5,-0.0,0.48,-0.0,-0.0,-3.73,6.5,-1.23,0.0,-0.17,0.0,-0.17,0.33,-0.17,0.33,-0.0,0.94,-0.0,-0.0,-0.0,0.33,-0.17,1.21,-2.37,1.21,-2.37,9.0,-2.37,9.0,-0.0,-0.0,-0.0,-0.0,-3.73,9.0,-2.37,5.87,11.78,5.87,11.78,127.24,11.78,127.24,50.67,10.42,50.67,50.67,-0.0,127.24,11.78,110.15,111.95,110.15,111.95,112.59,111.95,112.59,55.31,54.36,55.31,55.31,44.21,112.59,111.95,0.0,-5.32,0.0,-5.32,6.99,-5.32,6.99,-0.0,-0.0,-0.0,-0.0,-0.0,6.99,-5.32,1.24,6.11,1.24,6.11,6.58,6.11,6.58,-0.0,0.94,-0.0,-0.0,-0.22,6.58,6.11,5.87,7.21,5.87,7.21,58.81,7.21,58.81,13.5,10.42,13.5,13.5,-0.0,58.81,7.21,5.87,11.78,5.87,11.78,48.13,11.78,48.13,41.12,10.42,41.12,41.12,-0.0,48.13,11.78,4.05,10.68,4.05,10.68,43.38,10.68,43.38,23.89,3.74,23.89,23.89,-0.0,43.38,10.68,5.87,7.21,5.87,7.21,58.81,7.21,58.81,13.5,10.42,13.5,13.5,-0.0,58.81,7.21,17.91,12.26,17.91,12.26,18.31,12.26,18.31,1.04,1.22,1.04,1.04,2.34,18.31,12.26
46,-0.0,12.58,12.58,-0.0,12.58,7.31,0.0,7.31,1.88,7.31,7.31,-0.0,12.58,7.31,-0.0,11.34,11.34,-0.0,11.34,0.0,0.0,0.0,-0.0,0.0,0.0,-0.0,11.34,0.0,-0.0,0.76,0.76,-0.0,0.76,-2.33,1.21,-2.33,2.26,-2.33,-2.33,2.82,0.76,-2.33,50.67,102.23,102.23,50.67,102.23,21.73,5.87,21.73,115.0,21.73,21.73,55.69,102.23,21.73,55.31,234.75,234.75,55.31,234.75,233.51,110.15,233.51,162.37,233.51,233.51,86.79,234.75,233.51,-0.0,11.32,11.32,-0.0,11.32,0.0,0.0,0.0,0.16,0.0,0.0,-3.53,11.32,0.0,-0.0,39.8,39.8,-0.0,39.8,6.99,1.24,6.99,10.77,6.99,6.99,0.29,39.8,6.99,13.5,32.92,32.92,13.5,32.92,-0.0,5.87,-0.0,34.07,-0.0,-0.0,27.68,32.92,-0.0,41.12,69.16,69.16,41.12,69.16,21.73,5.87,21.73,50.38,21.73,21.73,23.12,69.16,21.73,23.89,41.97,41.97,23.89,41.97,8.2,4.05,8.2,17.17,8.2,8.2,12.69,41.97,8.2,13.5,32.92,32.92,13.5,32.92,-0.0,5.87,-0.0,33.54,-0.0,-0.0,27.68,32.92,-0.0,1.04,59.59,59.59,1.04,59.59,34.25,17.91,34.25,19.96,34.25,34.25,4.2,59.59,34.25
47,1.01,7.31,7.31,1.01,-0.0,1.01,-1.23,1.01,-0.0,1.01,1.01,0.0,-0.0,1.01,1.01,0.0,0.0,1.01,-0.0,1.01,-0.17,1.01,-0.0,1.01,1.01,0.0,-0.0,1.01,-0.9,-2.33,-2.33,-0.9,-0.0,-0.9,-2.37,-0.9,0.22,-0.9,-0.9,0.21,-0.0,-0.9,9.3,21.73,21.73,9.3,50.67,9.3,11.78,9.3,55.92,9.3,9.3,37.12,50.67,9.3,45.46,233.51,233.51,45.46,55.31,45.46,111.95,45.46,38.23,45.46,45.46,17.98,55.31,45.46,0.72,0.0,0.0,0.72,-0.0,0.72,-5.32,0.72,-0.0,0.72,0.72,0.0,-0.0,0.72,1.01,6.99,6.99,1.01,-0.0,1.01,6.11,1.01,-0.0,1.01,1.01,0.57,-0.0,1.01,9.3,-0.0,-0.0,9.3,13.5,9.3,7.21,9.3,12.38,9.3,9.3,10.63,13.5,9.3,9.3,21.73,21.73,9.3,41.12,9.3,11.78,9.3,25.53,9.3,9.3,6.75,41.12,9.3,9.3,8.2,8.2,9.3,23.89,9.3,10.68,9.3,24.1,9.3,9.3,12.15,23.89,9.3,9.3,-0.0,-0.0,9.3,13.5,9.3,7.21,9.3,15.39,9.3,9.3,10.63,13.5,9.3,6.12,34.25,34.25,6.12,1.04,6.12,12.26,6.12,6.48,6.12,6.12,0.21,1.04,6.12
48,-0.0,6.75,6.75,-0.0,1.89,6.75,6.75,1.04,6.75,1.89,3.72,6.75,2.82,6.75,-0.0,-0.0,-0.0,-0.0,0.0,-0.0,-0.0,0.0,-0.0,0.0,-0.0,-0.0,3.23,-0.0,4.13,0.0,0.0,4.13,-0.0,0.0,0.0,-0.0,0.0,-0.0,0.0,0.0,0.84,0.0,16.75,-0.0,-0.0,16.75,-0.0,-0.0,-0.0,0.0,-0.0,-0.0,0.0,-0.0,42.76,-0.0,38.28,138.09,138.09,38.28,184.1,138.09,138.09,71.11,138.09,184.1,275.32,138.09,121.08,138.09,1.08,-0.0,-0.0,1.08,0.0,-0.0,-0.0,0.0,-0.0,0.0,-0.0,-0.0,4.45,-0.0,1.08,6.88,6.88,1.08,6.47,6.88,6.88,1.04,6.88,6.47,20.02,6.88,8.49,6.88,16.75,-0.0,-0.0,16.75,-0.0,-0.0,-0.0,0.0,-0.0,-0.0,-0.0,-0.0,14.83,-0.0,13.23,-0.0,-0.0,13.23,-0.0,-0.0,-0.0,0.0,-0.0,-0.0,-0.0,-0.0,28.06,-0.0,1.08,-0.0,-0.0,1.08,-0.0,-0.0,-0.0,0.0,-0.0,-0.0,-0.35,-0.0,8.89,-0.0,16.75,-0.0,-0.0,16.75,-0.0,-0.0,-0.0,0.0,-0.0,-0.0,-0.0,-0.0,14.83,-0.0,2.48,34.7,34.7,2.48,25.12,34.7,34.7,9.09,34.7,25.12,25.08,34.7,14.09,34.7
49,1.04,3.79,1.04,3.79,0.0,-0.0,-0.0,3.79,-0.0,0.0,0.0,-0.0,0.0,-0.0,0.0,3.99,0.0,3.99,0.0,-0.0,-0.0,3.99,-0.0,0.0,0.0,-0.0,0.0,-0.0,-0.0,3.99,-0.0,3.99,0.22,4.13,4.13,3.99,4.13,0.22,0.78,4.13,0.21,4.13,0.0,4.93,0.0,4.93,2.37,16.75,16.75,4.93,16.75,2.37,12.65,16.75,38.86,16.75,71.11,66.42,71.11,66.42,53.44,38.28,38.28,66.42,38.28,53.44,46.35,38.28,17.33,38.28,0.0,0.2,0.0,0.2,0.0,1.08,1.08,0.2,1.08,0.0,0.0,1.08,0.0,1.08,1.04,7.47,1.04,7.47,-0.0,1.08,1.08,7.47,1.08,-0.0,-0.0,1.08,-0.0,1.08,0.0,4.93,0.0,4.93,2.32,16.75,16.75,4.93,16.75,2.32,10.97,16.75,8.19,16.75,0.0,4.93,0.0,4.93,1.38,13.23,13.23,4.93,13.23,1.38,6.15,13.23,9.38,13.23,0.0,2.21,0.0,2.21,2.37,1.08,1.08,2.21,1.08,2.37,7.54,1.08,6.8,1.08,0.0,4.93,0.0,4.93,2.32,16.75,16.75,4.93,16.75,2.32,10.97,16.75,8.19,16.75,9.09,10.12,9.09,10.12,6.16,2.48,2.48,10.12,2.48,6.16,0.99,2.48,0.06,2.48
50,0.0,1.89,1.89,0.0,3.18,1.04,1.89,3.18,1.04,3.18,-7.57,1.04,2.37,1.04,0.0,0.0,0.0,0.0,-0.0,0.0,0.0,-0.0,0.0,-0.0,-0.0,0.0,2.37,0.0,0.22,-0.0,-0.0,0.22,0.0,-0.0,-0.0,0.0,-0.0,0.0,0.0,-0.0,0.0,-0.0,2.37,-0.0,-0.0,2.37,6.54,0.0,-0.0,6.54,0.0,6.54,0.0,0.0,68.7,0.0,53.44,184.1,184.1,53.44,73.96,71.11,184.1,73.96,71.11,73.96,148.19,71.11,56.15,71.11,0.0,0.0,0.0,0.0,-0.0,0.0,0.0,-0.0,0.0,-0.0,-0.0,0.0,2.37,0.0,-0.0,6.47,6.47,-0.0,-0.0,1.04,6.47,-0.0,1.04,-0.0,9.69,1.04,2.37,1.04,2.32,-0.0,-0.0,2.32,3.0,0.0,-0.0,3.0,0.0,3.0,-0.0,0.0,33.69,0.0,1.38,-0.0,-0.0,1.38,1.47,0.0,-0.0,1.47,0.0,1.47,-0.0,0.0,37.88,0.0,2.37,-0.0,-0.0,2.37,5.83,0.0,-0.0,5.83,0.0,5.83,-0.0,0.0,26.43,0.0,2.32,-0.0,-0.0,2.32,3.0,0.0,-0.0,3.0,0.0,3.0,-0.0,0.0,33.69,0.0,6.16,25.12,25.12,6.16,5.57,9.09,25.12,5.57,9.09,5.57,6.29,9.09,3.8,9.09
51,3.18,2.61,3.18,2.61,2.61,3.79,0.0,2.61,3.79,2.61,1.75,3.79,0.05,3.79,-0.0,0.0,-0.0,0.0,0.0,3.99,0.0,0.0,3.99,0.0,-0.41,3.99,3.11,3.99,0.0,-1.4,0.0,-1.4,-1.4,3.99,0.22,-1.4,3.99,-1.4,-0.63,3.99,4.12,3.99,6.54,9.85,6.54,9.85,9.85,4.93,2.37,9.85,4.93,9.85,10.4,4.93,70.19,4.93,73.96,98.03,73.96,98.03,98.03,66.42,53.44,98.03,66.42,98.03,115.34,66.42,60.86,66.42,-0.0,-1.4,-0.0,-1.4,-1.4,0.2,0.0,-1.4,0.2,-1.4,-1.28,0.2,4.04,0.2,-0.0,9.99,-0.0,9.99,9.99,7.47,-0.0,9.99,7.47,9.99,3.92,7.47,4.0,7.47,3.0,6.62,3.0,6.62,6.62,4.93,2.32,6.62,4.93,6.62,10.4,4.93,37.02,4.93,1.47,9.85,1.47,9.85,9.85,4.93,1.38,9.85,4.93,9.85,10.4,4.93,23.05,4.93,5.83,7.77,5.83,7.77,7.77,2.21,2.37,7.77,2.21,7.77,8.01,2.21,15.28,2.21,3.0,6.62,3.0,6.62,6.62,4.93,2.32,6.62,4.93,6.62,10.4,4.93,37.02,4.93,5.57,28.26,5.57,28.26,28.26,10.12,6.16,28.26,10.12,28.26,22.6,10.12,12.3,10.12
52,0.0,3.72,3.72,0.0,3.72,-2.59,3.72,-7.57,3.72,-2.59,-2.59,1.89,1.22,1.89,0.0,-0.0,-0.0,0.0,-0.0,0.0,-0.0,-0.0,-0.0,0.0,0.0,0.0,-0.0,0.0,0.78,0.0,0.0,0.78,0.0,6.61,0.0,0.0,0.0,6.61,6.61,-0.0,8.02,-0.0,12.65,0.0,0.0,12.65,0.0,9.46,0.0,0.0,0.0,9.46,9.46,-0.0,100.27,-0.0,46.35,275.32,275.32,46.35,275.32,258.61,275.32,148.19,275.32,258.61,258.61,184.1,111.14,184.1,0.0,-0.0,-0.0,0.0,-0.0,-0.08,-0.0,-0.0,-0.0,-0.08,-0.08,0.0,15.24,0.0,-0.0,20.02,20.02,-0.0,20.02,10.16,20.02,9.69,20.02,10.16,10.16,6.47,14.36,6.47,10.97,-0.0,-0.0,10.97,-0.0,9.46,-0.0,-0.0,-0.0,9.46,9.46,-0.0,35.44,-0.0,6.15,-0.0,-0.0,6.15,-0.0,9.46,-0.0,-0.0,-0.0,9.46,9.46,-0.0,32.12,-0.0,7.54,-0.35,-0.35,7.54,-0.35,9.46,-0.35,-0.0,-0.35,9.46,9.46,-0.0,29.45,-0.0,10.97,-0.0,-0.0,10.97,-0.0,9.46,-0.0,-0.0,-0.0,9.46,9.46,-0.0,35.44,-0.0,0.99,25.08,25.08,0.99,25.08,24.83,25.08,6.29,25.08,24.83,24.83,25.12,13.62,25.12
53,-7.57,1.75,-7.57,1.75,0.0,5.09,0.0,1.75,0.0,5.09,5.09,0.0,-0.0,0.0,-0.0,-0.41,-0.0,-0.41,0.0,0.0,0.0,-0.41,0.0,0.0,0.0,0.0,-0.0,0.0,0.0,-0.63,0.0,-0.63,0.78,0.0,0.78,-0.63,0.78,0.0,0.0,0.22,0.14,0.22,0.0,10.4,0.0,10.4,12.65,12.04,12.65,10.4,12.65,12.04,12.04,2.37,59.67,2.37,148.19,115.34,148.19,115.34,46.35,42.53,46.35,115.34,46.35,42.53,42.53,53.44,17.7,53.44,-0.0,-1.28,-0.0,-1.28,0.0,0.0,0.0,-1.28,0.0,0.0,0.0,0.0,-0.0,0.0,9.69,3.92,9.69,3.92,-0.0,5.09,-0.0,3.92,-0.0,5.09,5.09,-0.0,-0.0,-0.0,-0.0,10.4,-0.0,10.4,10.97,-0.0,10.97,10.4,10.97,-0.0,-0.0,2.32,10.19,2.32,-0.0,10.4,-0.0,10.4,6.15,10.87,6.15,10.4,6.15,10.87,10.87,1.38,14.09,1.38,-0.0,8.01,-0.0,8.01,7.54,10.08,7.54,8.01,7.54,10.08,10.08,2.37,16.84,2.37,-0.0,10.4,-0.0,10.4,10.97,-0.0,10.97,10.4,10.97,-0.0,-0.0,2.32,10.19,2.32,6.29,22.6,6.29,22.6,0.99,8.46,0.99,22.6,0.99,8.46,8.46,6.16,0.61,6.16
54,5.09,-2.59,-2.59,5.09,-7.57,0.0,-2.59,0.0,-7.57,0.0,0.0,3.18,0.0,3.18,0.0,0.0,0.0,0.0,-0.0,0.16,0.0,0.16,-0.0,0.16,0.16,-0.0,0.0,-0.0,0.0,6.61,6.61,0.0,0.0,0.16,6.61,0.16,0.0,0.16,0.16,0.0,2.69,0.0,12.04,9.46,9.46,12.04,0.0,6.17,9.46,6.17,0.0,6.17,6.17,6.54,51.49,6.54,42.53,258.61,258.61,42.53,148.19,105.48,258.61,105.48,148.19,105.48,105.48,73.96,41.91,73.96,0.0,-0.08,-0.08,0.0,-0.0,0.16,-0.08,0.16,-0.0,0.16,0.16,-0.0,0.0,-0.0,5.09,10.16,10.16,5.09,9.69,-0.0,10.16,-0.0,9.69,-0.0,-0.0,-0.0,-0.0,-0.0,-0.0,9.46,9.46,-0.0,-0.0,2.87,9.46,2.87,-0.0,2.87,2.87,3.0,33.06,3.0,10.87,9.46,9.46,10.87,-0.0,6.17,9.46,6.17,-0.0,6.17,6.17,1.47,22.11,1.47,10.08,9.46,9.46,10.08,-0.0,6.17,9.46,6.17,-0.0,6.17,6.17,5.83,17.32,5.83,-0.0,9.46,9.46,-0.0,-0.0,2.87,9.46,2.87,-0.0,2.87,2.87,3.0,33.06,3.0,8.46,24.83,24.83,8.46,6.29,1.28,24.83,1.28,6.29,1.28,1.28,5.57,5.2,5.57
55,0.0,2.82,0.0,2.82,1.75,2.82,5.09,2.82,1.75,2.82,2.82,2.61,0.78,2.61,0.16,-0.56,0.16,-0.56,-0.41,-0.56,0.0,-0.56,-0.41,-0.56,-0.56,0.0,-0.38,0.0,0.16,1.32,0.16,1.32,-0.63,1.32,0.0,1.32,-0.63,1.32,1.32,-1.4,4.76,-1.4,6.17,8.83,6.17,8.83,10.4,8.83,12.04,8.83,10.4,8.83,8.83,9.85,75.95,9.85,105.48,118.73,105.48,118.73,115.34,118.73,42.53,118.73,115.34,118.73,118.73,98.03,52.31,98.03,0.16,0.32,0.16,0.32,-1.28,0.32,0.0,0.32,-1.28,0.32,0.32,-1.4,1.23,-1.4,-0.0,5.61,-0.0,5.61,3.92,5.61,5.09,5.61,3.92,5.61,5.61,9.99,-0.0,9.99,2.87,8.08,2.87,8.08,10.4,8.08,-0.0,8.08,10.4,8.08,8.08,6.62,16.67,6.62,6.17,8.83,6.17,8.83,10.4,8.83,10.87,8.83,10.4,8.83,8.83,9.85,28.07,9.85,6.17,4.71,6.17,4.71,8.01,4.71,10.08,4.71,8.01,4.71,4.71,7.77,21.71,7.77,2.87,8.08,2.87,8.08,10.4,8.08,-0.0,8.08,10.4,8.08,8.08,6.62,16.67,6.62,1.28,16.72,1.28,16.72,22.6,16.72,8.46,16.72,22.6,16.72,16.72,28.26,8.16,28.26
56,0.0,2.82,2.82,0.0,2.82,1.22,2.82,2.37,2.82,1.22,8.13,2.82,8.13,3.72,0.0,3.23,3.23,0.0,3.23,-0.0,3.23,2.37,3.23,-0.0,3.49,3.23,3.49,-0.0,0.21,0.84,0.84,0.21,0.84,8.02,0.84,0.0,0.84,8.02,6.11,0.84,6.11,0.0,38.86,42.76,42.76,38.86,42.76,100.27,42.76,68.7,42.76,100.27,94.84,42.76,94.84,0.0,17.33,121.08,121.08,17.33,121.08,111.14,121.08,56.15,121.08,111.14,183.73,121.08,183.73,275.32,0.0,4.45,4.45,0.0,4.45,15.24,4.45,2.37,4.45,15.24,8.12,4.45,8.12,-0.0,-0.0,8.49,8.49,-0.0,8.49,14.36,8.49,2.37,8.49,14.36,8.12,8.49,8.12,20.02,8.19,14.83,14.83,8.19,14.83,35.44,14.83,33.69,14.83,35.44,33.35,14.83,33.35,-0.0,9.38,28.06,28.06,9.38,28.06,32.12,28.06,37.88,28.06,32.12,43.92,28.06,43.92,-0.0,6.8,8.89,8.89,6.8,8.89,29.45,8.89,26.43,8.89,29.45,37.73,8.89,37.73,-0.35,8.19,14.83,14.83,8.19,14.83,35.44,14.83,33.69,14.83,35.44,33.35,14.83,33.35,-0.0,0.06,14.09,14.09,0.06,14.09,13.62,14.09,3.8,14.09,13.62,45.69,14.09,45.69,25.08
57,2.37,0.05,2.37,0.05,0.0,-0.0,0.0,0.05,0.0,-0.0,-0.98,0.0,-0.98,0.0,2.37,3.11,2.37,3.11,0.0,-0.0,0.0,3.11,0.0,-0.0,-1.02,0.0,-1.02,0.0,0.0,4.12,0.0,4.12,0.21,0.14,0.21,4.12,0.21,0.14,-0.0,0.21,-0.0,0.78,68.7,70.19,68.7,70.19,38.86,59.67,38.86,70.19,38.86,59.67,45.33,38.86,45.33,12.65,56.15,60.86,56.15,60.86,17.33,17.7,17.33,60.86,17.33,17.7,25.67,17.33,25.67,46.35,2.37,4.04,2.37,4.04,0.0,-0.0,0.0,4.04,0.0,-0.0,0.0,0.0,0.0,0.0,2.37,4.0,2.37,4.0,-0.0,-0.0,-0.0,4.0,-0.0,-0.0,-0.0,-0.0,-0.0,-0.0,33.69,37.02,33.69,37.02,8.19,10.19,8.19,37.02,8.19,10.19,11.56,8.19,11.56,10.97,37.88,23.05,37.88,23.05,9.38,14.09,9.38,23.05,9.38,14.09,16.99,9.38,16.99,6.15,26.43,15.28,26.43,15.28,6.8,16.84,6.8,15.28,6.8,16.84,8.93,6.8,8.93,7.54,33.69,37.02,33.69,37.02,8.19,10.19,8.19,37.02,8.19,10.19,11.56,8.19,11.56,10.97,3.8,12.3,3.8,12.3,0.06,0.61,0.06,12.3,0.06,0.61,0.02,0.06,0.02,0.99
58,-0.0,1.22,1.22,-0.0,2.37,0.0,1.22,0.0,2.37,0.0,0.0,2.37,0.0,-7.57,-0.0,-0.0,-0.0,-0.0,2.37,0.0,-0.0,0.0,2.37,0.0,0.62,2.37,0.62,-0.0,0.14,8.02,8.02,0.14,0.0,2.69,8.02,2.69,0.0,2.69,14.8,0.0,14.8,0.0,59.67,100.27,100.27,59.67,68.7,51.49,100.27,51.49,68.7,51.49,54.72,68.7,54.72,0.0,17.7,111.14,111.14,17.7,56.15,41.91,111.14,41.91,56.15,41.91,70.74,56.15,70.74,148.19,-0.0,15.24,15.24,-0.0,2.37,0.0,15.24,0.0,2.37,0.0,0.0,2.37,0.0,-0.0,-0.0,14.36,14.36,-0.0,2.37,-0.0,14.36,-0.0,2.37,-0.0,0.62,2.37,0.62,9.69,10.19,35.44,35.44,10.19,33.69,33.06,35.44,33.06,33.69,33.06,34.4,33.69,34.4,-0.0,14.09,32.12,32.12,14.09,37.88,22.11,32.12,22.11,37.88,22.11,41.33,37.88,41.33,-0.0,16.84,29.45,29.45,16.84,26.43,17.32,29.45,17.32,26.43,17.32,16.13,26.43,16.13,-0.0,10.19,35.44,35.44,10.19,33.69,33.06,35.44,33.06,33.69,33.06,34.4,33.69,34.4,-0.0,0.61,13.62,13.62,0.61,3.8,5.2,13.62,5.2,3.8,5.2,14.61,3.8,14.61,6.29
59,0.0,0.78,0.0,0.78,0.05,0.78,-0.0,0.78,0.05,0.78,0.16,0.05,0.16,1.75,0.0,-0.38,0.0,-0.38,3.11,-0.38,-0.0,-0.38,3.11,-0.38,1.96,3.11,1.96,-0.41,2.69,4.76,2.69,4.76,4.12,4.76,0.14,4.76,4.12,4.76,6.03,4.12,6.03,-0.63,51.49,75.95,51.49,75.95,70.19,75.95,59.67,75.95,70.19,75.95,143.82,70.19,143.82,10.4,41.91,52.31,41.91,52.31,60.86,52.31,17.7,52.31,60.86,52.31,87.2,60.86,87.2,115.34,0.0,1.23,0.0,1.23,4.04,1.23,-0.0,1.23,4.04,1.23,-0.03,4.04,-0.03,-1.28,-0.0,-0.0,-0.0,-0.0,4.0,-0.0,-0.0,-0.0,4.0,-0.0,-0.0,4.0,-0.0,3.92,33.06,16.67,33.06,16.67,37.02,16.67,10.19,16.67,37.02,16.67,54.91,37.02,54.91,10.4,22.11,28.07,22.11,28.07,23.05,28.07,14.09,28.07,23.05,28.07,44.02,23.05,44.02,10.4,17.32,21.71,17.32,21.71,15.28,21.71,16.84,21.71,15.28,21.71,39.53,15.28,39.53,8.01,33.06,16.67,33.06,16.67,37.02,16.67,10.19,16.67,37.02,16.67,54.91,37.02,54.91,10.4,5.2,8.16,5.2,8.16,12.3,8.16,0.61,8.16,12.3,8.16,14.21,12.3,14.21,22.6
60,-0.98,8.13,8.13,-0.98,1.47,8.13,8.13,0.0,8.13,1.47,1.47,1.22,1.47,-2.59,-1.02,3.49,3.49,-1.02,-8.67,3.49,3.49,0.62,3.49,-8.67,-8.67,-0.0,-8.67,0.0,-0.0,6.11,6.11,-0.0,-8.83,6.11,6.11,14.8,6.11,-8.83,-8.83,8.02,-8.83,6.61,45.33,94.84,94.84,45.33,71.38,94.84,94.84,54.72,94.84,71.38,71.38,100.27,71.38,9.46,25.67,183.73,183.73,25.67,202.0,183.73,183.73,70.74,183.73,202.0,202.0,111.14,202.0,258.61,0.0,8.12,8.12,0.0,0.0,8.12,8.12,0.0,8.12,0.0,0.0,15.24,0.0,-0.08,-0.0,8.12,8.12,-0.0,25.66,8.12,8.12,0.62,8.12,25.66,25.66,14.36,25.66,10.16,11.56,33.35,33.35,11.56,22.7,33.35,33.35,34.4,33.35,22.7,22.7,35.44,22.7,9.46,16.99,43.92,43.92,16.99,61.41,43.92,43.92,41.33,43.92,61.41,61.41,32.12,61.41,9.46,8.93,37.73,37.73,8.93,27.26,37.73,37.73,16.13,37.73,27.26,27.26,29.45,27.26,9.46,11.56,33.35,33.35,11.56,22.7,33.35,33.35,34.4,33.35,22.7,22.7,35.44,22.7,9.46,0.02,45.69,45.69,0.02,24.84,45.69,45.69,14.61,45.69,24.84,24.84,13.62,24.84,24.83
61,0.0,0.16,0.0,0.16,0.0,-0.98,-0.98,0.16,-0.98,0.0,0.0,-0.0,0.0,5.09,0.62,1.96,0.62,1.96,0.0,-1.02,-1.02,1.96,-1.02,0.0,0.0,-0.0,0.0,0.0,14.8,6.03,14.8,6.03,3.27,-0.0,-0.0,6.03,-0.0,3.27,3.27,0.14,3.27,0.0,54.72,143.82,54.72,143.82,62.52,45.33,45.33,143.82,45.33,62.52,62.52,59.67,62.52,12.04,70.74,87.2,70.74,87.2,59.68,25.67,25.67,87.2,25.67,59.68,59.68,17.7,59.68,42.53,0.0,-0.03,0.0,-0.03,0.0,0.0,0.0,-0.03,0.0,0.0,0.0,-0.0,0.0,0.0,0.62,-0.0,0.62,-0.0,-0.0,-0.0,-0.0,-0.0,-0.0,-0.0,-0.0,-0.0,-0.0,5.09,34.4,54.91,34.4,54.91,20.11,11.56,11.56,54.91,11.56,20.11,20.11,10.19,20.11,-0.0,41.33,44.02,41.33,44.02,22.15,16.99,16.99,44.02,16.99,22.15,22.15,14.09,22.15,10.87,16.13,39.53,16.13,39.53,27.3,8.93,8.93,39.53,8.93,27.3,27.3,16.84,27.3,10.08,34.4,54.91,34.4,54.91,20.11,11.56,11.56,54.91,11.56,20.11,20.11,10.19,20.11,-0.0,14.61,14.21,14.61,14.21,8.08,0.02,0.02,14.21,0.02,8.08,8.08,0.61,8.08,8.46
62,0.0,1.47,1.47,0.0,-0.0,0.0,1.47,-0.0,0.0,-0.0,-0.0,0.0,-0.0,0.0,0.0,-8.67,-8.67,0.0,-0.0,0.62,-8.67,-0.0,0.62,-0.0,-0.0,0.0,-0.0,0.16,3.27,-8.83,-8.83,3.27,2.01,14.8,-8.83,2.01,14.8,2.01,2.01,2.69,2.01,0.16,62.52,71.38,71.38,62.52,47.4,54.72,71.38,47.4,54.72,47.4,47.4,51.49,47.4,6.17,59.68,202.0,202.0,59.68,106.55,70.74,202.0,106.55,70.74,106.55,106.55,41.91,106.55,105.48,0.0,0.0,0.0,0.0,-0.0,0.0,0.0,-0.0,0.0,-0.0,-0.0,0.0,-0.0,0.16,-0.0,25.66,25.66,-0.0,-0.0,0.62,25.66,-0.0,0.62,-0.0,-0.0,-0.0,-0.0,-0.0,20.11,22.7,22.7,20.11,41.75,34.4,22.7,41.75,34.4,41.75,41.75,33.06,41.75,2.87,22.15,61.41,61.41,22.15,43.45,41.33,61.41,43.45,41.33,43.45,43.45,22.11,43.45,6.17,27.3,27.26,27.26,27.3,24.58,16.13,27.26,24.58,16.13,24.58,24.58,17.32,24.58,6.17,20.11,22.7,22.7,20.11,41.75,34.4,22.7,41.75,34.4,41.75,41.75,33.06,41.75,2.87,8.08,24.84,24.84,8.08,13.95,14.61,24.84,13.95,14.61,13.95,13.95,5.2,13.95,1.28
63,-0.0,0.45,-0.0,0.45,0.45,0.16,0.0,0.45,0.16,0.45,0.45,0.78,0.45,2.82,-0.0,-0.22,-0.0,-0.22,-0.22,1.96,0.0,-0.22,1.96,-0.22,-0.22,-0.38,-0.22,-0.56,2.01,8.04,2.01,8.04,8.04,6.03,3.27,8.04,6.03,8.04,8.04,4.76,8.04,1.32,47.4,101.99,47.4,101.99,101.99,143.82,62.52,101.99,143.82,101.99,101.99,75.95,101.99,8.83,106.55,113.9,106.55,113.9,113.9,87.2,59.68,113.9,87.2,113.9,113.9,52.31,113.9,118.73,-0.0,-0.21,-0.0,-0.21,-0.21,-0.03,0.0,-0.21,-0.03,-0.21,-0.21,1.23,-0.21,0.32,-0.0,7.29,-0.0,7.29,7.29,-0.0,-0.0,7.29,-0.0,7.29,7.29,-0.0,7.29,5.61,41.75,27.38,41.75,27.38,27.38,54.91,20.11,27.38,54.91,27.38,27.38,16.67,27.38,8.08,43.45,33.3,43.45,33.3,33.3,44.02,22.15,33.3,44.02,33.3,33.3,28.07,33.3,8.83,24.58,30.1,24.58,30.1,30.1,39.53,27.3,30.1,39.53,30.1,30.1,21.71,30.1,4.71,41.75,27.38,41.75,27.38,27.38,54.91,20.11,27.38,54.91,27.38,27.38,16.67,27.38,8.08,13.95,9.04,13.95,9.04,9.04,14.21,8.08,9.04,14.21,9.04,9.04,8.16,9.04,16.72
