,CIE_SA_MSSA,CIE_SA_MSSA_Inner,CIE_SA_MSSA_Adaptive,CIE_SA_Flexible,CIE_SA_Dedicated,CIE_SA_VNS_Kmedian,CIE_SA_VNS,CIE_SA_Kmedian1,CIE_SA_Kmedian2,CIE_SA_Kmedian3,CIE_SA_Kmedian4,CIE_SA_GA2,MSSA_MSSA_Inner,MSSA_MSSA_Adaptive,MSSA_Flexible,MSSA_Dedicated,MSSA_VNS_Kmedian,MSSA_VNS,MSSA_Kmedian1,MSSA_Kmedian2,MSSA_Kmedian3,MSSA_Kmedian4,MSSA_GA2,MSSA_Inner_MSSA_Adaptive,MSSA_Inner_Flexible,MSSA_Inner_Dedicated,MSSA_Inner_VNS_Kmedian,MSSA_Inner_VNS,MSSA_Inner_Kmedian1,MSSA_Inner_Kmedian2,MSSA_Inner_Kmedian3,MSSA_Inner_Kmedian4,MSSA_Inner_GA2,MSSA_Adaptive_Flexible,MSSA_Adaptive_Dedicated,MSSA_Adaptive_VNS_Kmedian,MSSA_Adaptive_VNS,MSSA_Adaptive_Kmedian1,MSSA_Adaptive_Kmedian2,MSSA_Adaptive_Kmedian3,MSSA_Adaptive_Kmedian4,MSSA_Adaptive_GA2,Flexible_Dedicated,Flexible_VNS_Kmedian,Flexible_VNS,Flexible_Kmedian1,Flexible_Kmedian2,Flexible_Kmedian3,Flexible_Kmedian4,Flexible_GA2,Dedicated_VNS_Kmedian,Dedicated_VNS,Dedicated_Kmedian1,Dedicated_Kmedian2,Dedicated_Kmedian3,Dedicated_Kmedian4,Dedicated_GA2,VNS_Kmedian_VNS,VNS_Kmedian_Kmedian1,VNS_Kmedian_Kmedian2,VNS_Kmedian_Kmedian3,VNS_Kmedian_Kmedian4,VNS_Kmedian_GA2,VNS_Kmedian1,VNS_Kmedian2,VNS_Kmedian3,VNS_Kmedian4,VNS_GA2,Kmedian1_Kmedian2,Kmedian1_Kmedian3,Kmedian1_Kmedian4,Kmedian1_GA2,Kmedian2_Kmedian3,Kmedian2_Kmedian4,Kmedian2_GA2,Kmedian3_Kmedian4,Kmedian3_GA2,Kmedian4_GA2
0,0.0,0.0,0.0,-38.22,-107.76,0.0,0.0,-8.95,-31.49,-14.71,-8.95,-12.16,0.0,0.0,-38.22,-107.76,0.0,0.0,-8.95,-31.49,-14.71,-8.95,-12.16,0.0,-38.22,-107.76,0.0,0.0,-8.95,-31.49,-14.71,-8.95,-12.16,-38.22,-107.76,0.0,0.0,-8.95,-31.49,-14.71,-8.95,-12.16,-50.31,27.65,27.65,21.18,4.87,17.01,21.18,18.86,51.87,51.87,47.56,36.71,44.79,47.56,46.02,0.0,-8.95,-31.49,-14.71,-8.95,-12.16,-8.95,-31.49,-14.71,-8.95,-12.16,-20.69,-5.29,0.0,-2.94,12.76,17.14,14.7,5.02,2.22,-2.94
1,12.67,14.27,13.62,9.18,-136.27,14.27,3.55,9.18,9.18,9.18,9.18,0.29,1.84,1.09,-4.0,-170.55,1.84,-10.44,-4.0,-4.0,-4.0,-4.0,-14.18,-0.76,-5.94,-175.61,0.0,-12.5,-5.94,-5.94,-5.94,-5.94,-16.31,-5.14,-173.53,0.76,-11.65,-5.14,-5.14,-5.14,-5.14,-15.44,-160.15,5.61,-6.19,0.0,0.0,0.0,0.0,-9.79,63.72,59.18,61.56,61.56,61.56,61.56,57.8,-12.5,-5.94,-5.94,-5.94,-5.94,-16.31,5.83,5.83,5.83,5.83,-3.39,0.0,0.0,0.0,-9.79,0.0,0.0,-9.79,0.0,-9.79,-9.79
2,-0.26,-0.26,-0.26,-0.26,-45.95,-0.26,0.0,-0.26,-0.14,-0.26,-0.26,-4.92,0.0,0.0,0.0,-45.57,0.0,0.26,0.0,0.13,0.0,0.0,-4.65,0.0,0.0,-45.57,0.0,0.26,0.0,0.13,0.0,0.0,-4.65,0.0,-45.57,0.0,0.26,0.0,0.13,0.0,0.0,-4.65,-45.57,-0.0,0.26,-0.0,0.13,-0.0,-0.0,-4.65,31.3,31.48,31.3,31.39,31.3,31.3,28.11,0.26,0.0,0.13,0.0,0.0,-4.65,-0.26,-0.14,-0.26,-0.26,-4.92,0.13,0.0,0.0,-4.65,-0.13,-0.13,-4.78,0.0,-4.65,-4.65
3,-2.77,-2.9,-2.35,-115.14,-116.1,-2.87,-2.9,-44.95,-46.04,-30.82,-44.95,-20.1,-0.13,0.41,-109.34,-110.28,-0.1,-0.13,-41.04,-42.1,-27.29,-41.04,-16.86,0.54,-109.07,-110.0,0.03,0.0,-40.86,-41.92,-27.12,-40.86,-16.71,-110.2,-111.14,-0.51,-0.54,-41.62,-42.69,-27.81,-41.62,-17.34,-0.45,52.19,52.17,32.63,32.12,39.2,32.63,44.18,52.4,52.38,32.93,32.42,39.47,32.93,44.43,-0.03,-40.91,-41.97,-27.17,-40.91,-16.75,-40.86,-41.92,-27.12,-40.86,-16.71,-0.75,9.75,0.0,17.14,10.42,0.75,17.76,-10.8,8.19,17.14
4,0.0,0.0,-2.07,-46.75,-43.66,0.0,0.0,-27.36,-17.39,-26.99,-27.36,-1.44,-0.0,-2.07,-46.75,-43.66,-0.0,0.0,-27.36,-17.39,-26.99,-27.36,-1.44,-2.07,-46.75,-43.66,0.0,0.0,-27.36,-17.39,-26.99,-27.36,-1.44,-43.77,-40.74,2.03,2.03,-24.77,-15.01,-24.41,-24.77,0.62,2.11,31.86,31.86,13.22,20.01,13.47,13.22,30.88,30.39,30.39,11.35,18.28,11.6,11.35,29.39,0.0,-27.36,-17.39,-26.99,-27.36,-1.44,-27.36,-17.39,-26.99,-27.36,-1.44,7.82,0.29,0.0,20.35,-8.17,-8.49,13.59,-0.29,20.12,20.35
5,5.88,3.55,2.3,-2.4,-224.34,5.4,-5.62,-11.5,-17.55,2.08,-11.5,-26.6,-2.48,-3.8,-8.8,-244.6,-0.51,-12.22,-18.46,-24.89,-4.03,-18.46,-34.51,-1.29,-6.17,-236.26,1.92,-9.5,-15.59,-21.87,-1.52,-15.59,-31.25,-4.81,-231.97,3.17,-8.11,-14.12,-20.32,-0.22,-14.12,-29.58,-216.73,7.61,-3.15,-8.88,-14.79,4.38,-8.88,-23.63,70.83,67.43,65.62,63.76,69.81,65.62,60.97,-11.65,-17.85,-24.25,-3.5,-17.85,-33.82,-5.56,-11.29,7.29,-5.56,-19.86,-5.43,12.18,0.0,-13.54,16.7,5.15,-7.7,-13.87,-29.29,-13.54
6,0.0,0.0,-0.0,-19.75,-47.73,0.0,0.0,-12.45,-14.83,-4.93,-12.45,-7.29,-0.0,-0.0,-19.75,-47.73,-0.0,0.0,-12.45,-14.83,-4.93,-12.45,-7.29,-0.0,-19.75,-47.73,0.0,0.0,-12.45,-14.83,-4.93,-12.45,-7.29,-19.75,-47.73,0.0,0.0,-12.45,-14.83,-4.93,-12.45,-7.29,-23.36,16.49,16.49,6.1,4.11,12.37,6.1,10.4,32.31,32.31,23.88,22.27,28.97,23.88,27.37,0.0,-12.45,-14.83,-4.93,-12.45,-7.29,-12.45,-14.83,-4.93,-12.45,-7.29,-2.12,6.69,0.0,4.59,8.62,2.07,6.56,-7.17,-2.25,4.59
7,0.01,-0.05,-2.59,-76.36,-51.28,0.47,-2.51,-14.83,-22.91,-9.08,-14.83,-9.01,-0.06,-2.6,-76.39,-51.3,0.46,-2.52,-14.84,-22.93,-9.1,-14.84,-9.03,-2.54,-76.28,-51.21,0.52,-2.46,-14.77,-22.85,-9.03,-14.77,-8.96,-71.91,-47.47,2.98,0.07,-11.93,-19.81,-6.33,-11.93,-6.26,14.22,43.57,41.87,34.89,30.31,38.15,34.89,38.19,34.21,32.24,24.1,18.75,27.9,24.1,27.94,-3.0,-15.38,-23.5,-9.6,-15.38,-9.53,-12.02,-19.9,-6.41,-12.02,-6.34,-7.04,5.01,0.0,5.07,11.25,6.58,11.31,-5.27,0.06,5.07
8,0.0,0.0,-2.96,-7.83,-83.92,0.0,0.0,-7.83,-2.25,-7.83,-7.83,-12.15,-0.0,-2.96,-7.83,-83.92,-0.0,0.0,-7.83,-2.25,-7.83,-7.83,-12.15,-2.96,-7.83,-83.92,0.0,0.0,-7.83,-2.25,-7.83,-7.83,-12.15,-4.73,-78.63,2.87,2.87,-4.73,0.69,-4.73,-4.73,-8.93,-70.57,7.26,7.26,0.0,5.17,0.0,0.0,-4.01,45.63,45.63,41.37,44.4,41.37,41.37,39.02,0.0,-7.83,-2.25,-7.83,-7.83,-12.15,-7.83,-2.25,-7.83,-7.83,-12.15,5.17,0.0,0.0,-4.01,-5.45,-5.45,-9.68,0.0,-4.01,-4.01
9,1.12,11.2,0.81,-66.89,-192.59,1.63,1.16,-22.0,-41.38,-13.68,-22.0,-15.87,10.2,-0.31,-68.77,-195.9,0.52,0.04,-23.38,-42.98,-14.96,-23.38,-17.18,-11.7,-87.94,-229.51,-10.78,-11.31,-37.39,-59.22,-28.02,-37.39,-30.49,-68.26,-195.0,0.82,0.34,-23.0,-42.54,-14.61,-23.0,-16.82,-75.32,41.06,40.77,26.9,15.28,31.88,26.9,30.57,66.38,66.22,58.3,51.68,61.15,58.3,60.4,-0.48,-24.02,-43.72,-15.56,-24.02,-17.79,-23.43,-43.04,-15.01,-23.43,-17.23,-15.89,6.82,0.0,5.02,19.6,13.71,18.04,-7.32,-1.93,5.02
10,0.0,0.0,0.0,-48.96,-25.49,0.0,0.0,-21.25,-16.0,-18.48,-21.25,-0.33,0.0,0.0,-48.96,-25.49,0.0,0.0,-21.25,-16.0,-18.48,-21.25,-0.33,0.0,-48.96,-25.49,0.0,0.0,-21.25,-16.0,-18.48,-21.25,-0.33,-48.96,-25.49,0.0,0.0,-21.25,-16.0,-18.48,-21.25,-0.33,15.75,32.87,32.87,18.6,22.13,20.46,18.6,32.65,20.31,20.31,3.38,7.57,5.59,3.38,20.05,0.0,-21.25,-16.0,-18.48,-21.25,-0.33,-21.25,-16.0,-18.48,-21.25,-0.33,4.33,2.29,0.0,17.26,-2.14,-4.53,13.51,-2.34,15.32,17.26
11,-0.04,1.83,-0.65,-9.49,-84.0,-0.04,-6.1,-9.49,-9.49,-9.49,-9.49,-22.69,1.88,-0.61,-9.44,-83.92,-0.0,-6.06,-9.44,-9.44,-9.44,-9.44,-22.63,-2.54,-11.54,-87.44,-1.91,-8.09,-11.54,-11.54,-11.54,-11.54,-24.98,-8.78,-82.8,0.61,-5.41,-8.78,-8.78,-8.78,-8.78,-21.89,-68.05,8.63,3.09,0.0,0.0,0.0,0.0,-12.05,45.63,42.33,40.49,40.49,40.49,40.49,33.32,-6.06,-9.44,-9.44,-9.44,-9.44,-22.63,-3.19,-3.19,-3.19,-3.19,-15.63,0.0,0.0,0.0,-12.05,0.0,0.0,-12.05,0.0,-12.05,-12.05
12,5.98,5.98,0.0,-13.79,-76.59,5.98,5.98,-12.83,-8.74,-3.63,-12.83,-2.86,0.0,-6.36,-21.03,-87.83,0.0,0.0,-20.01,-15.66,-10.23,-20.01,-9.4,-6.36,-21.03,-87.83,0.0,0.0,-20.01,-15.66,-10.23,-20.01,-9.4,-13.79,-76.59,5.98,5.98,-12.83,-8.74,-3.63,-12.83,-2.86,-55.19,17.38,17.38,0.84,4.44,8.93,0.84,9.61,46.76,46.76,36.11,38.42,41.32,36.11,41.75,0.0,-20.01,-15.66,-10.23,-20.01,-9.4,-20.01,-15.66,-10.23,-20.01,-9.4,3.62,8.15,0.0,8.84,4.7,-3.76,5.41,-8.88,0.74,8.84
13,3.73,3.05,-3.41,-54.5,-83.07,-0.66,-0.13,-25.35,-14.92,-11.6,-25.35,-15.35,-0.71,-7.42,-60.49,-90.17,-4.56,-4.02,-30.21,-19.38,-15.92,-30.21,-19.82,-6.66,-59.36,-88.83,-3.82,-3.28,-29.3,-18.54,-15.11,-29.3,-18.98,-49.4,-77.04,2.66,3.17,-21.22,-11.14,-7.92,-21.22,-11.55,-18.5,34.85,35.19,18.86,25.61,27.77,18.86,25.34,45.02,45.3,31.53,37.23,39.04,31.53,36.99,0.52,-24.54,-14.18,-10.87,-24.54,-14.6,-25.18,-14.77,-11.45,-25.18,-15.19,8.32,10.97,0.0,7.98,2.9,-9.07,-0.37,-12.33,-3.36,7.98
14,52.93,0.0,0.69,-73.53,-17.24,0.0,0.0,-17.24,-13.1,-10.37,-17.24,-0.73,-112.46,-111.0,-268.69,-149.09,-112.46,-112.46,-149.09,-140.29,-134.5,-149.09,-114.01,0.69,-73.53,-17.24,0.0,0.0,-17.24,-13.1,-10.37,-17.24,-0.73,-74.73,-18.05,-0.69,-0.69,-18.05,-13.88,-11.14,-18.05,-1.42,32.44,42.37,42.37,32.44,34.83,36.4,32.44,41.95,14.7,14.7,-0.0,3.53,5.86,-0.0,14.08,0.0,-17.24,-13.1,-10.37,-17.24,-0.73,-17.24,-13.1,-10.37,-17.24,-0.73,3.53,5.86,0.0,14.08,2.41,-3.66,10.94,-6.22,8.74,14.08
15,0.43,0.07,-11.94,-16.81,-104.36,-3.54,-3.14,-16.81,-16.81,-11.89,-16.81,-20.47,-0.36,-12.43,-17.32,-105.25,-3.99,-3.59,-17.32,-17.32,-12.38,-17.32,-20.99,-12.02,-16.89,-104.51,-3.61,-3.21,-16.89,-16.89,-11.97,-16.89,-20.56,-4.35,-82.56,7.51,7.86,-4.35,-4.35,0.04,-4.35,-7.62,-74.95,11.36,11.7,0.0,0.0,4.21,0.0,-3.13,49.34,49.53,42.84,42.84,45.25,42.84,41.05,0.39,-12.82,-12.82,-8.07,-12.82,-16.35,-13.26,-13.26,-8.49,-13.26,-16.8,0.0,4.21,0.0,-3.13,4.21,0.0,-3.13,-4.39,-7.67,-3.13
16,-1.79,1.45,1.45,-6.21,-147.91,-1.79,-3.5,-6.21,-6.21,-6.21,-6.21,-20.61,3.18,3.18,-4.34,-143.55,0.0,-1.68,-4.34,-4.34,-4.34,-4.34,-18.49,0.0,-7.77,-151.54,-3.28,-5.02,-7.77,-7.77,-7.77,-7.77,-22.38,-7.77,-151.54,-3.28,-5.02,-7.77,-7.77,-7.77,-7.77,-22.38,-133.41,4.16,2.55,0.0,0.0,0.0,0.0,-13.56,58.94,58.25,57.16,57.16,57.16,57.16,51.35,-1.68,-4.34,-4.34,-4.34,-4.34,-18.49,-2.62,-2.62,-2.62,-2.62,-16.53,0.0,0.0,0.0,-13.56,0.0,0.0,-13.56,0.0,-13.56,-13.56
17,2.66,9.05,8.07,-41.94,-134.67,4.0,-5.94,-20.76,-9.15,-13.25,-20.76,-12.71,6.57,5.56,-45.82,-141.09,1.37,-8.83,-24.06,-12.14,-16.35,-24.06,-15.79,-1.08,-56.06,-158.03,-5.56,-16.48,-32.78,-20.02,-24.52,-32.78,-23.92,-54.4,-155.28,-4.44,-15.24,-31.37,-18.74,-23.2,-31.37,-22.61,-65.34,32.36,25.36,14.92,23.1,20.21,14.92,20.59,59.09,54.86,48.54,53.49,51.74,48.54,51.97,-10.35,-25.79,-13.7,-17.96,-25.79,-17.4,-14.0,-3.04,-6.9,-14.0,-6.39,9.61,6.22,0.0,6.67,-3.75,-10.64,-3.25,-6.63,0.48,6.67
18,0.0,0.0,0.0,-70.38,-16.76,0.0,0.0,-15.97,-16.76,-7.43,-15.97,-2.15,0.0,0.0,-70.38,-16.76,0.0,0.0,-15.97,-16.76,-7.43,-15.97,-2.15,0.0,-70.38,-16.76,0.0,0.0,-15.97,-16.76,-7.43,-15.97,-2.15,-70.38,-16.76,0.0,0.0,-15.97,-16.76,-7.43,-15.97,-2.15,31.47,41.31,41.31,31.93,31.47,36.94,31.93,40.04,14.35,14.35,0.68,-0.0,7.99,0.68,12.51,0.0,-15.97,-16.76,-7.43,-15.97,-2.15,-15.97,-16.76,-7.43,-15.97,-2.15,-0.68,7.36,0.0,11.91,7.99,0.68,12.51,-7.95,4.91,11.91
19,1.94,3.46,3.2,-5.4,-136.3,2.57,1.88,-2.84,-4.93,-4.09,-2.84,-12.11,1.55,1.29,-7.48,-140.97,0.65,-0.06,-4.87,-7.0,-6.15,-4.87,-14.32,-0.26,-9.17,-144.76,-0.91,-1.64,-6.52,-8.69,-7.82,-6.52,-16.12,-8.89,-144.12,-0.65,-1.37,-6.25,-8.4,-7.54,-6.25,-15.82,-124.19,7.57,6.91,2.43,0.45,1.24,2.43,-6.36,58.77,58.48,56.48,55.59,55.95,56.48,52.56,-0.71,-5.56,-7.7,-6.84,-5.56,-15.07,-4.81,-6.94,-6.08,-4.81,-14.25,-2.03,-1.21,0.0,-9.01,0.8,1.99,-6.84,1.2,-7.7,-9.01
20,2.86,0.0,2.86,-10.61,-77.75,0.0,0.0,-10.61,-10.61,-5.68,-10.61,-1.92,-2.94,0.0,-13.87,-82.99,-2.94,-2.94,-13.87,-13.87,-8.79,-13.87,-4.92,2.86,-10.61,-77.75,0.0,0.0,-10.61,-10.61,-5.68,-10.61,-1.92,-13.87,-82.99,-2.94,-2.94,-13.87,-13.87,-8.79,-13.87,-4.92,-60.7,9.59,9.59,-0.0,-0.0,4.45,-0.0,7.86,43.74,43.74,37.77,37.77,40.55,37.77,42.66,0.0,-10.61,-10.61,-5.68,-10.61,-1.92,-10.61,-10.61,-5.68,-10.61,-1.92,0.0,4.45,0.0,7.86,4.45,0.0,7.86,-4.66,3.56,7.86
21,0.0,-0.06,-0.14,-112.48,-165.38,-10.87,-10.87,-39.63,-20.63,-15.27,-39.63,-34.84,-0.06,-0.14,-112.48,-165.38,-10.87,-10.87,-39.63,-20.63,-15.27,-39.63,-34.84,-0.08,-112.35,-165.22,-10.8,-10.8,-39.55,-20.55,-15.2,-39.55,-34.76,-112.18,-165.0,-10.71,-10.71,-39.44,-20.46,-15.11,-39.44,-34.65,-24.9,47.82,47.82,34.28,43.23,45.75,34.28,36.54,58.22,58.22,47.38,54.55,56.56,47.38,49.19,0.0,-25.95,-8.8,-3.97,-25.95,-21.62,-25.95,-8.8,-3.97,-25.95,-21.62,13.61,17.45,0.0,3.43,4.44,-15.76,-11.79,-21.13,-16.98,3.43
22,0.0,0.0,-0.74,-59.97,-30.55,0.0,0.0,-30.55,-23.48,-7.5,-30.55,-0.74,-0.0,-0.74,-59.97,-30.55,-0.0,0.0,-30.55,-23.48,-7.5,-30.55,-0.74,-0.74,-59.97,-30.55,0.0,0.0,-30.55,-23.48,-7.5,-30.55,-0.74,-58.79,-29.59,0.74,0.74,-29.59,-22.57,-6.71,-29.59,0.0,18.39,37.49,37.49,18.39,22.81,32.8,18.39,37.02,23.4,23.4,-0.0,5.42,17.66,-0.0,22.83,0.0,-30.55,-23.48,-7.5,-30.55,-0.74,-30.55,-23.48,-7.5,-30.55,-0.74,5.42,17.66,0.0,22.83,12.94,-5.73,18.41,-21.44,6.29,22.83
23,-0.62,-4.21,-4.02,-9.64,-65.72,-0.62,-5.23,-9.64,-9.64,-5.13,-9.64,-13.33,-3.57,-3.38,-8.96,-64.69,0.0,-4.58,-8.96,-8.96,-4.48,-8.96,-12.63,0.18,-5.2,-59.02,3.44,-0.98,-5.2,-5.2,-0.88,-5.2,-8.75,-5.4,-59.32,3.27,-1.17,-5.4,-5.4,-1.07,-5.4,-8.95,-51.16,8.22,4.01,-0.0,-0.0,4.11,-0.0,-3.37,39.28,36.5,33.84,33.84,36.56,33.84,31.61,-4.58,-8.96,-8.96,-4.48,-8.96,-12.63,-4.18,-4.18,0.1,-4.18,-7.69,0.0,4.11,0.0,-3.37,4.11,0.0,-3.37,-4.28,-7.8,-3.37
24,0.0,1.45,-1.29,-48.42,-43.45,0.0,0.0,-36.1,-24.07,-3.54,-36.1,-0.5,1.45,-1.29,-48.42,-43.45,0.0,0.0,-36.1,-24.07,-3.54,-36.1,-0.5,-2.78,-50.61,-45.55,-1.47,-1.47,-38.11,-25.9,-5.06,-38.11,-1.98,-46.53,-41.62,1.28,1.28,-34.37,-22.49,-2.21,-34.37,0.78,3.35,32.63,32.63,8.3,16.41,30.24,8.3,32.29,30.29,30.29,5.12,13.51,27.82,5.12,29.94,0.0,-36.1,-24.07,-3.54,-36.1,-0.5,-36.1,-24.07,-3.54,-36.1,-0.5,8.84,23.93,0.0,26.16,16.55,-9.7,18.99,-31.46,2.93,26.16
25,9.6,9.6,1.59,1.59,-270.47,9.6,-17.11,1.59,1.59,3.26,1.59,-22.75,0.0,-8.86,-8.86,-309.82,0.0,-29.55,-8.86,-8.86,-7.01,-8.86,-35.79,-8.86,-8.86,-309.82,0.0,-29.55,-8.86,-8.86,-7.01,-8.86,-35.79,0.0,-276.47,8.14,-19.01,0.0,0.0,1.69,0.0,-24.74,-276.47,8.14,-19.01,-0.0,-0.0,1.69,-0.0,-24.74,75.6,68.39,73.44,73.44,73.89,73.44,66.87,-29.55,-8.86,-8.86,-7.01,-8.86,-35.79,15.97,15.97,17.4,15.97,-4.82,0.0,1.69,0.0,-24.74,1.69,0.0,-24.74,-1.72,-26.89,-24.74
26,-0.0,-0.0,-5.51,-26.66,-58.24,-0.0,-3.83,-8.6,-9.94,-7.95,-8.6,-6.76,0.0,-5.51,-26.66,-58.24,0.0,-3.83,-8.6,-9.94,-7.95,-8.6,-6.76,-5.51,-26.66,-58.24,0.0,-3.83,-8.6,-9.94,-7.95,-8.6,-6.76,-20.04,-49.97,5.22,1.6,-2.93,-4.2,-2.31,-2.93,-1.18,-24.93,21.05,18.03,14.25,13.2,14.77,14.25,15.71,36.8,34.39,31.37,30.52,31.78,31.37,32.53,-3.83,-8.6,-9.94,-7.95,-8.6,-6.76,-4.6,-5.89,-3.98,-4.6,-2.83,-1.23,0.6,0.0,1.7,1.81,1.22,2.89,-0.6,1.11,1.7
27,1.77,-1.81,-0.3,-79.13,-56.85,1.44,0.25,-22.76,-30.3,-20.99,-22.76,-4.57,-3.65,-2.11,-82.36,-59.68,-0.34,-1.55,-24.98,-32.65,-23.18,-24.98,-6.46,1.48,-75.95,-54.06,3.2,2.02,-20.58,-27.98,-18.84,-20.58,-2.71,-78.59,-56.38,1.74,0.55,-22.39,-29.91,-20.63,-22.39,-4.25,12.44,44.98,44.31,31.47,27.26,32.46,31.47,41.63,37.16,36.4,21.73,16.93,22.86,21.73,33.33,-1.21,-24.56,-32.21,-22.76,-24.56,-6.1,-23.07,-30.62,-21.29,-23.07,-4.83,-6.14,1.44,0.0,14.82,7.14,5.79,19.75,-1.46,13.58,14.82
28,0.0,0.0,-2.79,-63.37,-79.42,0.0,0.0,-38.51,-44.9,-20.93,-38.51,-3.97,-0.0,-2.79,-63.37,-79.42,-0.0,0.0,-38.51,-44.9,-20.93,-38.51,-3.97,-2.79,-63.37,-79.42,0.0,0.0,-38.51,-44.9,-20.93,-38.51,-3.97,-58.93,-74.55,2.71,2.71,-34.75,-40.96,-17.65,-34.75,-1.15,-9.83,38.79,38.79,15.21,11.31,25.98,15.21,36.36,44.27,44.27,22.8,19.24,32.6,22.8,42.05,0.0,-38.51,-44.9,-20.93,-38.51,-3.97,-38.51,-44.9,-20.93,-38.51,-3.97,-4.61,12.69,0.0,24.94,16.54,4.41,28.25,-14.54,14.03,24.94
29,5.31,5.31,3.03,3.03,-134.19,3.03,-0.7,3.03,3.03,3.03,3.03,-23.01,0.0,-2.41,-2.41,-147.33,-2.41,-6.35,-2.41,-2.41,-2.41,-2.41,-29.91,-2.41,-2.41,-147.33,-2.41,-6.35,-2.41,-2.41,-2.41,-2.41,-29.91,0.0,-141.5,0.0,-3.84,0.0,0.0,0.0,0.0,-26.85,-141.5,-0.0,-3.84,-0.0,-0.0,-0.0,-0.0,-26.85,58.59,57.0,58.59,58.59,58.59,58.59,47.47,-3.84,0.0,0.0,0.0,0.0,-26.85,3.7,3.7,3.7,3.7,-22.16,0.0,0.0,0.0,-26.85,0.0,0.0,-26.85,0.0,-26.85,-26.85
30,0.18,0.0,-4.07,-15.02,-25.47,-1.86,-1.86,-12.11,-14.49,-14.49,-12.11,-4.11,-0.18,-4.25,-15.22,-25.69,-2.04,-2.04,-12.31,-14.69,-14.69,-12.31,-4.3,-4.07,-15.02,-25.47,-1.86,-1.86,-12.11,-14.49,-14.49,-12.11,-4.11,-10.52,-20.57,2.12,2.12,-7.73,-10.01,-10.01,-7.73,-0.04,-9.09,11.43,11.43,2.53,0.46,0.46,2.53,9.48,18.81,18.81,10.65,8.75,8.75,10.65,17.02,0.0,-10.06,-12.39,-12.39,-10.06,-2.21,-10.06,-12.39,-12.39,-10.06,-2.21,-2.12,-2.12,0.0,7.14,0.0,2.07,9.06,2.07,9.06,7.14
31,0.0,-1.83,-1.2,-128.99,-86.49,-6.67,-6.02,-27.89,-60.97,-27.44,-27.89,-9.12,-1.83,-1.2,-128.99,-86.49,-6.67,-6.02,-27.89,-60.97,-27.44,-27.89,-9.12,0.62,-124.87,-83.14,-4.75,-4.12,-25.59,-58.07,-25.15,-25.59,-7.16,-126.27,-84.27,-5.4,-4.76,-26.37,-59.05,-25.92,-26.37,-7.82,18.56,53.42,53.7,44.15,29.71,44.35,44.15,52.35,42.8,43.15,31.42,13.69,31.67,31.42,41.49,0.61,-19.89,-50.9,-19.47,-19.89,-2.29,-20.63,-51.82,-20.2,-20.63,-2.92,-25.86,0.35,0.0,14.68,20.83,20.55,32.21,-0.36,14.37,14.68
32,4.62,4.62,2.73,-7.74,-77.27,4.62,2.01,-1.92,-7.74,1.51,-1.92,-13.02,-0.0,-1.98,-12.96,-85.86,-0.0,-2.73,-6.86,-12.96,-3.27,-6.86,-18.5,-1.98,-12.96,-85.86,0.0,-2.73,-6.86,-12.96,-3.27,-6.86,-18.5,-10.76,-82.24,1.94,-0.74,-4.78,-10.76,-1.26,-4.78,-16.2,-64.53,11.47,9.05,5.4,0.0,8.58,5.4,-4.91,46.19,44.72,42.5,39.22,44.44,42.5,36.24,-2.73,-6.86,-12.96,-3.27,-6.86,-18.5,-4.02,-9.95,-0.52,-4.02,-15.35,-5.71,3.36,0.0,-10.89,8.58,5.4,-4.91,-3.48,-14.75,-10.89
33,0.0,0.0,-1.11,-56.59,-34.68,0.0,0.0,-18.22,-21.29,-21.43,-18.22,-1.36,-0.0,-1.11,-56.59,-34.68,-0.0,0.0,-18.22,-21.29,-21.43,-18.22,-1.36,-1.11,-56.59,-34.68,0.0,0.0,-18.22,-21.29,-21.43,-18.22,-1.36,-54.87,-33.19,1.1,1.1,-16.91,-19.96,-20.09,-16.91,-0.24,14.0,36.14,36.14,24.51,22.54,22.45,24.51,35.27,25.75,25.75,12.22,9.94,9.84,12.22,24.74,0.0,-18.22,-21.29,-21.43,-18.22,-1.36,-18.22,-21.29,-21.43,-18.22,-1.36,-2.6,-2.72,0.0,14.26,-0.11,2.54,16.44,2.65,16.53,14.26
34,9.53,8.51,-0.29,-82.5,-163.44,0.0,8.15,-25.73,-33.58,-25.78,-25.73,-13.19,-1.13,-10.85,-101.72,-191.18,-10.53,-1.52,-38.97,-47.64,-39.03,-38.97,-25.1,-9.61,-99.47,-187.93,-9.3,-0.39,-37.42,-46.0,-37.48,-37.42,-23.71,-81.98,-162.68,0.29,8.42,-25.37,-33.19,-25.42,-25.37,-12.86,-44.35,45.21,49.67,31.11,26.81,31.08,31.11,37.98,62.04,65.13,52.27,49.29,52.25,52.27,57.04,8.15,-25.73,-33.58,-25.78,-25.73,-13.19,-36.89,-45.43,-36.95,-36.89,-23.23,-6.24,-0.04,0.0,9.98,5.83,5.87,15.27,0.04,10.02,9.98
35,3.16,3.16,3.16,3.16,-68.41,3.16,2.85,3.16,3.16,3.16,3.16,-6.78,0.0,-0.0,0.0,-73.91,0.0,-0.32,0.0,0.0,0.0,0.0,-10.26,-0.0,0.0,-73.91,0.0,-0.32,0.0,0.0,0.0,0.0,-10.26,0.0,-73.91,0.0,-0.32,0.0,0.0,0.0,0.0,-10.26,-73.91,-0.0,-0.32,-0.0,-0.0,-0.0,-0.0,-10.26,42.5,42.32,42.5,42.5,42.5,42.5,36.6,-0.32,0.0,0.0,0.0,0.0,-10.26,0.31,0.31,0.31,0.31,-9.92,0.0,0.0,0.0,-10.26,0.0,0.0,-10.26,0.0,-10.26,-10.26
36,1.27,1.11,0.06,-8.87,-130.79,3.81,-2.81,-7.76,-8.87,-4.81,-7.76,-18.54,-0.16,-1.22,-10.26,-133.75,2.58,-4.13,-9.14,-10.26,-6.15,-9.14,-20.06,-1.06,-10.08,-133.37,2.73,-3.97,-8.96,-10.08,-5.98,-8.96,-19.87,-8.93,-130.93,3.75,-2.88,-7.82,-8.93,-4.87,-7.82,-18.61,-111.99,11.64,5.56,1.02,0.0,3.73,1.02,-8.89,58.32,55.45,53.31,52.83,54.59,53.31,48.64,-6.89,-12.02,-13.18,-8.96,-12.02,-23.24,-4.81,-5.89,-1.94,-4.81,-15.3,-1.03,2.74,0.0,-10.01,3.73,1.02,-8.89,-2.81,-13.11,-10.01
37,0.66,0.66,-1.91,-60.98,-18.85,0.66,-1.07,-5.11,-9.0,-10.01,-5.11,-1.19,0.0,-2.58,-62.05,-19.64,0.0,-1.74,-5.8,-9.72,-10.74,-5.8,-1.86,-2.58,-62.05,-19.64,0.0,-1.74,-5.8,-9.72,-10.74,-5.8,-1.86,-57.97,-16.63,2.52,0.82,-3.14,-6.96,-7.95,-3.14,0.71,26.17,38.29,37.21,34.71,32.29,31.66,34.71,37.14,16.42,14.96,11.57,8.29,7.44,11.57,14.87,-1.74,-5.8,-9.72,-10.74,-5.8,-1.86,-3.99,-7.84,-8.84,-3.99,-0.11,-3.7,-4.66,0.0,3.73,-0.93,3.57,7.17,4.46,8.02,3.73
38,0.8,-0.29,-4.39,-68.65,-124.18,0.44,-6.53,-24.32,-33.8,-26.57,-24.32,-18.83,-1.1,-5.23,-70.02,-125.99,-0.37,-7.4,-25.33,-34.88,-27.59,-25.33,-19.79,-4.09,-68.17,-123.53,0.72,-6.22,-23.96,-33.41,-26.2,-23.96,-18.49,-61.56,-114.76,4.62,-2.05,-19.1,-28.17,-21.25,-19.1,-13.83,-32.92,40.97,36.83,26.29,20.67,24.95,26.29,29.54,55.59,52.48,44.54,40.32,43.54,44.54,46.99,-7.0,-24.87,-34.38,-27.12,-24.87,-19.35,-16.7,-25.59,-18.81,-16.7,-11.54,-7.62,-1.81,0.0,4.42,5.4,7.08,11.19,1.77,6.11,4.42
39,4.1,4.1,1.85,-14.63,-127.75,4.1,-8.29,-12.04,-14.63,-14.63,-12.04,-1.97,0.0,-2.35,-19.53,-137.49,0.0,-12.92,-16.83,-19.53,-19.53,-16.83,-6.33,-2.35,-19.53,-137.49,0.0,-12.92,-16.83,-19.53,-19.53,-16.83,-6.33,-16.79,-132.04,2.29,-10.34,-14.15,-16.79,-16.79,-14.15,-3.89,-98.68,16.34,5.53,2.26,0.0,0.0,2.26,11.05,57.89,52.45,50.81,49.67,49.67,50.81,55.23,-12.92,-16.83,-19.53,-19.53,-16.83,-6.33,-3.46,-5.85,-5.85,-3.46,5.84,-2.31,-2.31,0.0,8.99,0.0,2.26,11.05,2.26,11.05,8.99
40,-0.01,-6.25,-2.65,-109.55,-94.31,-6.2,-0.12,-33.23,-19.68,-11.62,-33.23,-10.0,-6.24,-2.65,-109.54,-94.29,-6.19,-0.11,-33.22,-19.67,-11.61,-33.22,-9.99,3.38,-97.23,-82.88,0.04,5.77,-25.4,-12.64,-5.06,-25.4,-3.53,-104.13,-89.28,-3.45,2.47,-29.78,-16.58,-8.73,-29.78,-7.15,7.27,49.32,52.22,36.42,42.89,46.73,36.42,47.51,45.34,48.47,31.43,38.41,42.56,31.43,43.39,5.73,-25.45,-12.69,-5.1,-25.45,-3.58,-33.07,-19.54,-11.49,-33.07,-9.87,10.17,16.22,0.0,17.44,6.73,-11.32,8.09,-19.36,1.45,17.44
41,0.0,-0.39,-2.52,-18.81,-32.6,-0.11,0.0,-14.42,-16.07,-18.81,-14.42,-3.08,-0.39,-2.52,-18.81,-32.6,-0.11,0.0,-14.42,-16.07,-18.81,-14.42,-3.08,-2.12,-18.34,-32.08,0.29,0.39,-13.97,-15.61,-18.34,-13.97,-2.68,-15.88,-29.34,2.36,2.46,-11.6,-13.21,-15.88,-11.6,-0.55,-11.61,15.74,15.83,3.69,2.3,-0.0,3.69,13.23,24.51,24.59,13.71,12.47,10.4,13.71,22.26,0.11,-14.3,-15.95,-18.68,-14.3,-2.97,-14.42,-16.07,-18.81,-14.42,-3.08,-1.44,-3.83,0.0,9.91,-2.36,1.42,11.19,3.69,13.23,9.91
42,5.99,5.99,5.99,5.99,-135.55,5.99,1.65,5.99,5.99,5.99,5.99,-17.99,-0.0,0.0,-0.0,-150.57,-0.0,-4.62,0.0,0.0,0.0,0.0,-25.51,0.0,-0.0,-150.57,0.0,-4.62,0.0,0.0,0.0,0.0,-25.51,-0.0,-150.57,-0.0,-4.62,-0.0,-0.0,-0.0,-0.0,-25.51,-150.57,0.0,-4.62,0.0,0.0,0.0,0.0,-25.51,60.09,58.25,60.09,60.09,60.09,60.09,49.91,-4.62,0.0,0.0,0.0,0.0,-25.51,4.42,4.42,4.42,4.42,-19.97,0.0,0.0,0.0,-25.51,0.0,0.0,-25.51,0.0,-25.51,-25.51
43,0.0,0.0,-0.34,-56.67,-86.87,0.0,-1.45,-34.77,-35.47,-35.03,-34.77,-4.94,-0.0,-0.34,-56.67,-86.87,-0.0,-1.45,-34.77,-35.47,-35.03,-34.77,-4.94,-0.34,-56.67,-86.87,0.0,-1.45,-34.77,-35.47,-35.03,-34.77,-4.94,-56.13,-86.24,0.34,-1.1,-34.31,-35.01,-34.57,-34.31,-4.58,-19.28,36.17,35.24,13.97,13.53,13.81,13.97,33.02,46.49,45.71,27.88,27.51,27.74,27.88,43.84,-1.45,-34.77,-35.47,-35.03,-34.77,-4.94,-32.85,-33.53,-33.1,-32.85,-3.44,-0.52,-0.19,0.0,22.13,0.32,0.51,22.53,0.19,22.28,22.13
44,0.52,-2.01,-4.54,-96.79,-66.23,-3.89,-3.34,-31.47,-19.46,-23.45,-31.47,-10.41,-2.54,-5.09,-97.82,-67.09,-4.43,-3.88,-32.16,-20.08,-24.1,-32.16,-10.99,-2.48,-92.91,-62.95,-1.84,-1.3,-28.88,-17.1,-21.02,-28.88,-8.24,-88.24,-59.0,0.63,1.15,-25.76,-14.27,-18.09,-25.76,-5.61,15.53,47.21,47.49,33.19,39.3,37.27,33.19,43.89,37.5,37.83,20.91,28.14,25.73,20.91,33.58,0.53,-26.55,-14.98,-18.83,-26.55,-6.28,-27.22,-15.6,-19.46,-27.22,-6.84,9.14,6.1,0.0,16.02,-3.35,-10.06,7.57,-6.5,10.56,16.02
45,5.11,0.0,5.11,-3.44,-72.2,5.11,5.11,-0.77,-3.44,-3.44,-0.77,-3.45,-5.39,0.0,-9.01,-81.47,-0.0,-0.0,-6.2,-9.01,-9.01,-6.2,-9.02,5.11,-3.44,-72.2,5.11,5.11,-0.77,-3.44,-3.44,-0.77,-3.45,-9.01,-81.47,-0.0,-0.0,-6.2,-9.01,-9.01,-6.2,-9.02,-66.48,8.26,8.26,2.58,-0.0,-0.0,2.58,-0.01,44.9,44.9,41.48,39.93,39.93,41.48,39.92,0.0,-6.2,-9.01,-9.01,-6.2,-9.02,-6.2,-9.01,-9.01,-6.2,-9.02,-2.64,-2.64,0.0,-2.66,0.0,2.58,-0.01,2.58,-0.01,-2.66
46,19.64,16.22,16.22,10.08,-247.54,19.64,7.32,10.08,10.08,10.08,10.08,-28.54,-4.25,-4.25,-11.89,-332.46,-0.0,-15.33,-11.89,-11.89,-11.89,-11.89,-59.95,0.0,-7.33,-314.83,4.08,-10.63,-7.33,-7.33,-7.33,-7.33,-53.43,-7.33,-314.83,4.08,-10.63,-7.33,-7.33,-7.33,-7.33,-53.43,-286.49,10.63,-3.07,-0.0,-0.0,-0.0,-0.0,-42.95,76.88,73.33,74.13,74.13,74.13,74.13,63.01,-15.33,-11.89,-11.89,-11.89,-11.89,-59.95,2.98,2.98,2.98,2.98,-38.68,0.0,0.0,0.0,-42.95,0.0,0.0,-42.95,0.0,-42.95,-42.95
47,0.0,0.0,-0.19,-42.26,-54.99,-1.32,0.0,-7.66,-15.04,-14.96,-7.66,-3.73,0.0,-0.19,-42.26,-54.99,-1.32,0.0,-7.66,-15.04,-14.96,-7.66,-3.73,-0.19,-42.26,-54.99,-1.32,0.0,-7.66,-15.04,-14.96,-7.66,-3.73,-41.99,-54.7,-1.13,0.19,-7.45,-14.82,-14.74,-7.45,-3.53,-8.95,28.78,29.71,24.33,19.14,19.19,24.33,27.09,34.63,35.48,30.54,25.78,25.83,30.54,33.07,1.3,-6.25,-13.54,-13.46,-6.25,-2.38,-7.66,-15.04,-14.96,-7.66,-3.73,-6.86,-6.78,0.0,3.65,0.07,6.42,9.83,6.35,9.76,3.65
48,-0.6,-0.6,-4.73,-75.51,-46.52,-3.04,-3.61,-25.9,-23.43,-20.27,-25.9,-8.78,-0.01,-4.11,-74.47,-45.65,-2.42,-2.99,-25.15,-22.7,-19.56,-25.15,-8.14,-4.11,-74.46,-45.64,-2.42,-2.98,-25.14,-22.69,-19.55,-25.14,-8.13,-67.58,-39.89,1.62,1.08,-20.21,-17.85,-14.84,-20.21,-3.87,16.52,41.29,40.97,28.27,29.67,31.47,28.27,38.02,29.68,29.29,14.07,15.76,17.91,14.07,25.75,-0.55,-22.19,-19.8,-16.73,-22.19,-5.58,-21.52,-19.14,-16.09,-21.52,-5.0,1.96,4.47,0.0,13.6,2.56,-2.0,11.87,-4.68,9.55,13.6
49,-0.17,0.03,0.03,-38.22,-35.24,-0.17,0.0,-26.18,-19.26,-9.65,-26.18,-1.18,0.2,0.2,-37.99,-35.0,-0.0,0.17,-25.97,-19.05,-9.46,-25.97,-1.01,0.0,-38.26,-35.28,-0.2,-0.03,-26.22,-19.29,-9.68,-26.22,-1.21,-38.26,-35.28,-0.2,-0.03,-26.22,-19.29,-9.68,-26.22,-1.21,2.16,27.53,27.65,8.71,13.72,20.67,8.71,26.8,25.93,26.06,6.69,11.81,18.92,6.69,25.18,0.17,-25.97,-19.05,-9.46,-25.97,-1.01,-26.18,-19.26,-9.65,-26.18,-1.18,5.49,13.1,0.0,19.82,8.06,-5.81,15.16,-15.08,7.72,19.82
50,10.37,9.19,9.9,4.15,-205.52,7.81,-0.03,4.15,4.15,9.29,4.15,-17.44,-1.31,-0.53,-6.94,-240.86,-2.85,-11.6,-6.94,-6.94,-1.2,-6.94,-31.02,0.78,-5.55,-236.43,-1.52,-10.15,-5.55,-5.55,0.11,-5.55,-29.32,-6.38,-239.07,-2.32,-11.01,-6.38,-6.38,-0.67,-6.38,-30.33,-218.74,3.82,-4.36,0.0,0.0,5.37,0.0,-22.52,69.82,67.26,68.63,68.63,70.31,68.63,61.56,-8.5,-3.97,-3.97,1.61,-3.97,-27.38,4.17,4.17,9.32,4.17,-17.4,0.0,5.37,0.0,-22.52,5.37,0.0,-22.52,-5.67,-29.46,-22.52
51,0.0,-1.5,-1.5,-38.96,-42.29,0.0,-1.5,-15.24,-19.25,-12.1,-15.24,-4.29,-1.5,-1.5,-38.96,-42.29,0.0,-1.5,-15.24,-19.25,-12.1,-15.24,-4.29,-0.0,-36.9,-40.19,1.48,0.0,-13.54,-17.48,-10.44,-13.54,-2.75,-36.9,-40.19,1.48,0.0,-13.54,-17.48,-10.44,-13.54,-2.75,-2.4,28.03,26.95,17.07,14.18,19.33,17.07,24.94,29.72,28.67,19.01,16.19,21.22,19.01,26.7,-1.5,-15.24,-19.25,-12.1,-15.24,-4.29,-13.54,-17.48,-10.44,-13.54,-2.75,-3.48,2.73,0.0,9.5,6.0,3.36,12.54,-2.81,6.96,9.5
52,1.82,1.76,0.96,-91.06,-108.02,-5.05,-5.05,-19.5,-42.68,-26.38,-19.5,-16.34,-0.06,-0.87,-94.61,-111.88,-7.0,-7.0,-21.72,-45.32,-28.72,-21.72,-18.5,-0.81,-94.48,-111.74,-6.93,-6.93,-21.64,-45.23,-28.64,-21.64,-18.42,-92.93,-110.04,-6.07,-6.08,-20.67,-44.07,-27.61,-20.67,-17.47,-8.87,45.02,45.02,37.46,25.33,33.86,37.46,39.11,49.5,49.5,42.55,31.41,39.25,42.55,44.07,-0.01,-13.76,-35.82,-20.31,-13.76,-10.75,-13.75,-35.81,-20.3,-13.75,-10.74,-19.39,-5.75,0.0,2.64,11.42,16.24,18.46,5.44,7.94,2.64
53,0.0,-0.08,-0.08,-14.26,-47.79,0.0,0.0,-8.2,-14.26,-14.26,-8.2,-7.26,-0.08,-0.08,-14.26,-47.79,0.0,0.0,-8.2,-14.26,-14.26,-8.2,-7.26,0.0,-14.17,-47.67,0.08,0.08,-8.12,-14.17,-14.17,-8.12,-7.18,-14.17,-47.67,0.08,0.08,-8.12,-14.17,-14.17,-8.12,-7.18,-29.35,12.48,12.48,5.3,-0.0,-0.0,5.3,6.12,32.34,32.34,26.79,22.69,22.69,26.79,27.42,0.0,-8.2,-14.26,-14.26,-8.2,-7.26,-8.2,-14.26,-14.26,-8.2,-7.26,-5.59,-5.59,0.0,0.87,0.0,5.3,6.12,5.3,6.12,0.87
54,11.19,11.19,11.19,11.19,-114.59,11.19,-4.19,11.19,11.19,11.19,11.19,-20.92,0.0,0.0,-0.0,-141.62,0.0,-17.31,0.0,0.0,0.0,0.0,-36.15,0.0,-0.0,-141.62,0.0,-17.31,-0.0,-0.0,-0.0,-0.0,-36.15,-0.0,-141.62,-0.0,-17.31,-0.0,-0.0,-0.0,-0.0,-36.15,-141.62,0.0,-17.31,0.0,0.0,0.0,0.0,-36.15,58.61,51.45,58.61,58.61,58.61,58.61,43.65,-17.31,-0.0,-0.0,-0.0,-0.0,-36.15,14.75,14.75,14.75,14.75,-16.06,0.0,0.0,0.0,-36.15,0.0,0.0,-36.15,0.0,-36.15,-36.15
55,-4.82,0.0,-5.19,-59.99,-82.36,-4.82,-4.82,-28.9,-38.15,-18.71,-28.9,-4.82,4.6,-0.35,-52.63,-73.96,0.0,0.0,-22.97,-31.8,-13.25,-22.97,0.0,-5.19,-59.99,-82.36,-4.82,-4.82,-28.9,-38.15,-18.71,-28.9,-4.82,-52.09,-73.35,0.35,0.35,-22.54,-31.33,-12.85,-22.54,0.35,-13.98,34.48,34.48,19.43,13.65,25.8,19.43,34.48,42.52,42.52,29.31,24.24,34.9,29.31,42.52,0.0,-22.97,-31.8,-13.25,-22.97,0.0,-22.97,-31.8,-13.25,-22.97,0.0,-7.18,7.91,0.0,18.68,14.07,6.7,24.12,-8.58,11.7,18.68
56,1.92,3.23,0.53,-13.7,-106.46,2.87,-0.31,-7.5,-2.51,-3.73,-7.5,-15.39,1.33,-1.42,-15.92,-110.51,0.97,-2.28,-9.61,-4.52,-5.76,-9.61,-17.65,-2.78,-17.48,-113.34,-0.37,-3.66,-11.08,-5.93,-7.19,-11.08,-19.23,-14.3,-107.57,2.35,-0.85,-8.08,-3.06,-4.29,-8.08,-16.0,-81.59,14.57,11.77,5.45,9.84,8.76,5.45,-1.49,52.96,51.41,47.93,50.35,49.76,47.93,44.11,-3.28,-10.68,-5.54,-6.8,-10.68,-18.8,-7.16,-2.19,-3.41,-7.16,-15.02,4.64,3.51,0.0,-7.34,-1.19,-4.86,-12.56,-3.63,-11.24,-7.34
57,-0.07,0.67,-0.87,-46.23,-15.77,-0.07,-0.44,-15.77,-1.89,-5.55,-15.77,-2.48,0.74,-0.8,-46.13,-15.69,0.0,-0.37,-15.69,-1.82,-5.48,-15.69,-2.41,-1.55,-47.21,-16.55,-0.74,-1.12,-16.55,-2.58,-6.26,-16.55,-3.17,-44.97,-14.77,0.79,0.42,-14.77,-1.02,-4.65,-14.77,-1.6,20.83,31.57,31.31,20.83,30.32,27.81,20.83,29.91,13.56,13.24,0.0,11.98,8.82,0.0,11.47,-0.37,-15.69,-1.82,-5.48,-15.69,-2.41,-15.26,-1.44,-5.09,-15.26,-2.03,11.98,8.82,0.0,11.47,-3.59,-13.62,-0.58,-9.68,2.91,11.47
58,0.0,0.05,-6.42,-54.64,-97.62,0.18,0.18,-16.22,-29.75,-15.01,-16.22,-21.12,0.05,-6.42,-54.64,-97.62,0.18,0.18,-16.22,-29.75,-15.01,-16.22,-21.12,-6.47,-54.72,-97.72,0.13,0.13,-16.28,-29.82,-15.07,-16.28,-21.18,-45.32,-85.7,6.2,6.2,-9.21,-21.93,-8.07,-9.21,-13.82,-27.79,35.45,35.45,24.84,16.09,25.63,24.84,21.68,49.49,49.49,41.19,34.34,41.8,41.19,38.71,0.0,-16.43,-29.98,-15.21,-16.43,-21.34,-16.43,-29.98,-15.21,-16.43,-21.34,-11.64,1.05,0.0,-4.21,11.36,10.43,6.65,-1.06,-5.32,-4.21
59,0.0,0.0,0.0,-5.55,-106.97,0.0,0.0,-5.5,-5.55,-5.55,-5.5,-5.17,-0.0,0.0,-5.55,-106.97,-0.0,0.0,-5.5,-5.55,-5.55,-5.5,-5.17,0.0,-5.55,-106.97,0.0,0.0,-5.5,-5.55,-5.55,-5.5,-5.17,-5.55,-106.97,-0.0,-0.0,-5.5,-5.55,-5.55,-5.5,-5.17,-96.08,5.26,5.26,0.05,-0.0,-0.0,0.05,0.37,51.68,51.68,49.02,49.0,49.0,49.02,49.19,0.0,-5.5,-5.55,-5.55,-5.5,-5.17,-5.5,-5.55,-5.55,-5.5,-5.17,-0.05,-0.05,0.0,0.32,0.0,0.05,0.37,0.05,0.37,0.32
60,5.65,7.02,1.67,0.6,-77.73,5.65,-1.37,0.6,0.6,0.6,0.6,-10.36,1.45,-4.22,-5.36,-88.38,-0.0,-7.45,-5.36,-5.36,-5.36,-5.36,-16.97,-5.75,-6.91,-91.15,-1.47,-9.03,-6.91,-6.91,-6.91,-6.91,-18.69,-1.09,-80.76,4.05,-3.1,-1.09,-1.09,-1.09,-1.09,-12.24,-78.8,5.09,-1.98,-0.0,-0.0,-0.0,-0.0,-11.02,46.92,42.96,44.07,44.07,44.07,44.07,37.91,-7.45,-5.36,-5.36,-5.36,-5.36,-16.97,1.94,1.94,1.94,1.94,-8.87,0.0,0.0,0.0,-11.02,0.0,0.0,-11.02,0.0,-11.02,-11.02
61,0.0,0.0,-0.11,-41.71,-52.43,0.0,0.0,-10.35,-9.85,-8.59,-10.35,-1.44,-0.0,-0.11,-41.71,-52.43,-0.0,0.0,-10.35,-9.85,-8.59,-10.35,-1.44,-0.11,-41.71,-52.43,0.0,0.0,-10.35,-9.85,-8.59,-10.35,-1.44,-41.55,-52.26,0.11,0.11,-10.23,-9.72,-8.46,-10.23,-1.33,-7.56,29.44,29.44,22.13,22.49,23.38,22.13,28.42,34.4,34.4,27.6,27.94,28.76,27.6,33.45,0.0,-10.35,-9.85,-8.59,-10.35,-1.44,-10.35,-9.85,-8.59,-10.35,-1.44,0.46,1.6,0.0,8.07,1.15,-0.46,7.65,-1.63,6.58,8.07
62,0.56,0.55,0.54,-76.36,-200.39,0.56,-25.46,-12.45,-40.46,-15.48,-12.45,-38.99,-0.01,-0.02,-77.35,-202.08,-0.0,-26.17,-13.09,-41.25,-16.13,-13.09,-39.78,-0.01,-77.33,-202.05,0.01,-26.16,-13.08,-41.24,-16.12,-13.08,-39.76,-77.32,-202.03,0.02,-26.15,-13.07,-41.23,-16.11,-13.07,-39.75,-70.33,43.61,28.86,36.24,20.35,34.52,36.24,21.19,66.9,58.23,62.56,53.24,61.56,62.56,53.73,-26.17,-13.09,-41.25,-16.13,-13.09,-39.78,10.37,-11.95,7.96,10.37,-10.78,-24.91,-2.69,0.0,-23.6,17.78,19.94,1.05,2.62,-20.36,-23.6
63,2.23,2.23,2.23,-14.24,-58.68,2.23,-0.15,-14.24,-14.24,-14.24,-14.24,-5.24,-0.0,0.0,-16.84,-62.3,-0.0,-2.43,-16.84,-16.84,-16.84,-16.84,-7.64,0.0,-16.84,-62.3,0.0,-2.43,-16.84,-16.84,-16.84,-16.84,-7.64,-16.84,-62.3,-0.0,-2.43,-16.84,-16.84,-16.84,-16.84,-7.64,-38.9,14.42,12.33,0.0,0.0,0.0,0.0,7.88,38.39,36.89,28.01,28.01,28.01,28.01,33.68,-2.43,-16.84,-16.84,-16.84,-16.84,-7.64,-14.07,-14.07,-14.07,-14.07,-5.08,0.0,0.0,0.0,7.88,0.0,0.0,7.88,0.0,7.88,7.88
64,-0.16,-0.16,-0.16,-42.08,-40.37,0.0,-0.16,-10.81,-17.73,-11.9,-10.81,-2.27,0.0,0.0,-41.86,-40.15,0.16,0.0,-10.64,-17.54,-11.73,-10.64,-2.11,0.0,-41.86,-40.15,0.16,0.0,-10.64,-17.54,-11.73,-10.64,-2.11,-41.86,-40.15,0.16,-0.0,-10.64,-17.54,-11.73,-10.64,-2.11,1.21,29.62,29.51,22.01,17.14,21.24,22.01,28.02,28.76,28.65,21.06,16.13,20.28,21.06,27.14,-0.16,-10.81,-17.73,-11.9,-10.81,-2.27,-10.64,-17.54,-11.73,-10.64,-2.11,-6.24,-0.99,0.0,7.71,4.95,5.87,13.13,0.98,8.61,7.71
65,1.26,-1.26,-3.01,-65.5,-69.91,1.02,-0.19,-16.96,-27.81,-20.0,-16.96,-16.49,-2.55,-4.32,-67.61,-72.08,-0.24,-1.47,-18.45,-29.44,-21.53,-18.45,-17.97,-1.72,-63.44,-67.8,2.25,1.06,-15.5,-26.21,-18.51,-15.5,-15.04,-60.67,-64.96,3.91,2.73,-13.55,-24.08,-16.5,-13.55,-13.09,-2.67,40.19,39.46,29.33,22.77,27.49,29.33,29.61,41.75,41.03,31.17,24.78,29.37,31.17,31.44,-1.22,-18.17,-29.13,-21.24,-18.17,-17.69,-16.74,-27.56,-19.77,-16.74,-16.27,-9.28,-2.6,0.0,0.4,6.11,8.49,8.86,2.54,2.93,0.4
66,3.49,3.49,3.49,3.49,-59.28,3.49,0.0,3.49,3.49,3.49,3.49,-7.0,-0.0,0.0,0.0,-65.03,-0.0,-3.61,0.0,0.0,0.0,0.0,-10.86,0.0,0.0,-65.03,0.0,-3.61,0.0,0.0,0.0,0.0,-10.86,-0.0,-65.03,-0.0,-3.61,-0.0,-0.0,-0.0,-0.0,-10.86,-65.03,-0.0,-3.61,-0.0,-0.0,-0.0,-0.0,-10.86,39.41,37.22,39.41,39.41,39.41,39.41,32.82,-3.61,0.0,0.0,0.0,0.0,-10.86,3.49,3.49,3.49,3.49,-7.0,0.0,0.0,0.0,-10.86,0.0,0.0,-10.86,0.0,-10.86,-10.86
67,2.02,2.02,2.02,2.02,-76.44,2.02,-1.03,2.02,2.02,2.02,2.02,-17.04,0.0,0.0,0.0,-80.08,0.0,-3.11,0.0,0.0,0.0,0.0,-19.45,0.0,0.0,-80.08,0.0,-3.11,0.0,0.0,0.0,0.0,-19.45,-0.0,-80.08,-0.0,-3.11,-0.0,-0.0,-0.0,-0.0,-19.45,-80.08,-0.0,-3.11,-0.0,-0.0,-0.0,-0.0,-19.45,44.47,42.74,44.47,44.47,44.47,44.47,33.67,-3.11,0.0,0.0,0.0,0.0,-19.45,3.02,3.02,3.02,3.02,-15.85,0.0,0.0,0.0,-19.45,0.0,0.0,-19.45,0.0,-19.45,-19.45
68,0.22,-5.55,-4.84,-59.06,-115.96,0.22,-5.19,-25.38,-48.02,-24.47,-25.38,-17.26,-5.77,-5.06,-59.41,-116.43,0.0,-5.41,-25.65,-48.34,-24.74,-25.65,-17.51,0.67,-50.7,-104.61,5.46,0.34,-18.79,-40.25,-17.93,-18.79,-11.1,-51.73,-106.0,4.82,-0.33,-19.6,-41.2,-18.73,-19.6,-11.85,-35.77,37.27,33.87,21.18,6.94,21.75,21.18,26.28,53.8,51.29,41.94,31.46,42.37,41.94,45.7,-5.41,-25.65,-48.34,-24.74,-25.65,-17.51,-19.2,-40.72,-18.33,-19.2,-11.48,-18.06,0.73,0.0,6.47,15.91,15.3,20.78,-0.73,5.79,6.47
69,0.0,0.0,-1.86,-38.93,-20.89,-0.13,-1.14,-20.89,-4.64,-7.11,-20.89,-0.59,0.0,-1.86,-38.93,-20.89,-0.13,-1.14,-20.89,-4.64,-7.11,-20.89,-0.59,-1.86,-38.93,-20.89,-0.13,-1.14,-20.89,-4.64,-7.11,-20.89,-0.59,-36.4,-18.68,1.7,0.71,-18.68,-2.74,-5.16,-18.68,1.24,12.99,27.93,27.2,12.99,24.68,22.9,12.99,27.6,17.17,16.34,-0.0,13.44,11.39,-0.0,16.79,-1.01,-20.73,-4.51,-6.98,-20.73,-0.46,-19.52,-3.47,-5.91,-19.52,0.54,13.44,11.39,0.0,16.79,-2.36,-15.52,3.87,-12.86,6.09,16.79
70,4.78,4.78,4.78,4.78,-126.48,4.78,-5.21,4.78,4.78,4.78,4.78,-19.27,-0.0,0.0,0.0,-137.86,-0.0,-10.49,0.0,0.0,0.0,0.0,-25.27,0.0,0.0,-137.86,0.0,-10.49,0.0,0.0,0.0,0.0,-25.27,-0.0,-137.86,-0.0,-10.49,-0.0,-0.0,-0.0,-0.0,-25.27,-137.86,-0.0,-10.49,-0.0,-0.0,-0.0,-0.0,-25.27,57.96,53.55,57.96,57.96,57.96,57.96,47.34,-10.49,0.0,0.0,0.0,0.0,-25.27,9.5,9.5,9.5,9.5,-13.37,0.0,0.0,0.0,-25.27,0.0,0.0,-25.27,0.0,-25.27,-25.27
71,-0.14,-0.14,-0.14,-0.14,-36.64,-0.14,0.0,-0.14,-0.14,-0.14,-0.14,-2.53,-0.0,-0.0,-0.0,-36.44,-0.0,0.14,0.0,0.0,0.0,0.0,-2.39,-0.0,-0.0,-36.44,0.0,0.14,0.0,0.0,0.0,0.0,-2.39,0.0,-36.44,0.0,0.14,0.0,0.0,0.0,0.0,-2.39,-36.44,0.0,0.14,0.0,0.0,0.0,0.0,-2.39,26.71,26.82,26.71,26.71,26.71,26.71,24.96,0.14,0.0,0.0,0.0,0.0,-2.39,-0.14,-0.14,-0.14,-0.14,-2.53,0.0,0.0,0.0,-2.39,0.0,0.0,-2.39,0.0,-2.39,-2.39
72,0.92,0.92,0.23,-5.43,-77.59,0.92,0.0,-5.43,-5.43,-5.43,-5.43,-1.31,-0.0,-0.7,-6.41,-79.23,-0.0,-0.93,-6.41,-6.41,-6.41,-6.41,-2.25,-0.7,-6.41,-79.23,0.0,-0.93,-6.41,-6.41,-6.41,-6.41,-2.25,-5.67,-78.0,0.69,-0.23,-5.67,-5.67,-5.67,-5.67,-1.55,-68.44,6.02,5.15,0.0,0.0,0.0,0.0,3.9,44.21,43.69,40.63,40.63,40.63,40.63,42.95,-0.93,-6.41,-6.41,-6.41,-6.41,-2.25,-5.43,-5.43,-5.43,-5.43,-1.31,0.0,0.0,0.0,3.9,0.0,0.0,3.9,0.0,3.9,3.9
73,-0.45,-2.44,-2.44,-3.39,-95.01,2.43,-1.35,-3.39,-3.39,-3.39,-3.39,-20.61,-1.97,-1.97,-2.92,-94.13,2.87,-0.89,-2.92,-2.92,-2.92,-2.92,-20.07,-0.0,-0.93,-90.38,4.75,1.06,-0.93,-0.93,-0.93,-0.93,-17.74,-0.93,-90.38,4.75,1.06,-0.93,-0.93,-0.93,-0.93,-17.74,-88.62,5.63,1.97,0.0,0.0,0.0,0.0,-16.66,49.97,48.03,46.98,46.98,46.98,46.98,38.15,-3.88,-5.96,-5.96,-5.96,-5.96,-23.62,-2.01,-2.01,-2.01,-2.01,-19.0,0.0,0.0,0.0,-16.66,0.0,0.0,-16.66,0.0,-16.66,-16.66
74,3.89,0.0,-2.42,-61.77,-50.5,3.89,3.89,-35.03,-5.89,-7.17,-35.03,-1.5,-4.05,-6.56,-68.31,-56.59,-0.0,0.0,-40.49,-10.17,-11.51,-40.49,-5.6,-2.42,-61.77,-50.5,3.89,3.89,-35.03,-5.89,-7.17,-35.03,-1.5,-57.95,-46.94,6.16,6.16,-31.84,-3.39,-4.64,-31.84,0.9,6.97,40.59,40.59,16.53,34.54,33.75,16.53,37.26,36.14,36.14,10.28,29.64,28.79,10.28,32.56,0.0,-40.49,-10.17,-11.51,-40.49,-5.6,-40.49,-10.17,-11.51,-40.49,-5.6,21.58,20.63,0.0,24.83,-1.21,-27.52,4.15,-25.99,5.3,24.83
75,0.19,-0.02,-1.01,-88.5,-55.73,-0.06,-2.02,-28.99,-20.81,-17.98,-28.99,-9.67,-0.21,-1.2,-88.86,-56.03,-0.26,-2.22,-29.24,-21.05,-18.21,-29.24,-9.88,-0.99,-88.46,-55.7,-0.04,-2.0,-28.97,-20.79,-17.96,-28.97,-9.65,-86.62,-54.18,0.94,-1.0,-27.71,-19.61,-16.8,-27.71,-8.58,17.38,46.92,45.88,31.57,35.91,37.41,31.57,41.82,35.75,34.49,17.17,22.42,24.24,17.17,29.58,-1.96,-28.91,-20.74,-17.9,-28.91,-9.6,-26.44,-18.42,-15.64,-26.44,-7.5,6.34,8.54,0.0,14.98,2.35,-6.77,9.22,-9.34,7.04,14.98
76,6.14,7.19,7.19,6.14,-160.81,6.14,-10.43,6.14,6.14,7.9,6.14,-12.84,1.12,1.12,0.0,-177.86,-0.0,-17.65,0.0,0.0,1.88,0.0,-20.22,-0.0,-1.13,-181.0,-1.13,-18.98,-1.13,-1.13,0.77,-1.13,-21.58,-1.13,-181.0,-1.13,-18.98,-1.13,-1.13,0.77,-1.13,-21.58,-177.86,-0.0,-17.65,-0.0,-0.0,1.88,-0.0,-20.22,64.01,57.66,64.01,64.01,64.69,64.01,56.73,-17.65,0.0,0.0,1.88,0.0,-20.22,15.0,15.0,16.6,15.0,-2.18,0.0,1.88,0.0,-20.22,1.88,0.0,-20.22,-1.91,-22.52,-20.22
77,-3.87,-3.87,0.0,-3.87,-49.79,-3.87,-3.64,-3.87,-3.87,-3.87,-3.87,-6.3,0.0,3.73,0.0,-44.21,0.0,0.22,0.0,0.0,0.0,0.0,-2.34,3.73,0.0,-44.21,0.0,0.22,0.0,0.0,0.0,0.0,-2.34,-3.87,-49.79,-3.87,-3.64,-3.87,-3.87,-3.87,-3.87,-6.3,-44.21,-0.0,0.22,-0.0,-0.0,-0.0,-0.0,-2.34,30.66,30.81,30.66,30.66,30.66,30.66,29.03,0.22,0.0,0.0,0.0,0.0,-2.34,-0.22,-0.22,-0.22,-0.22,-2.57,0.0,0.0,0.0,-2.34,0.0,0.0,-2.34,0.0,-2.34,-2.34
78,0.0,0.0,-2.82,-55.69,-86.79,3.53,-0.29,-27.68,-23.12,-12.69,-27.68,-4.2,0.0,-2.82,-55.69,-86.79,3.53,-0.29,-27.68,-23.12,-12.69,-27.68,-4.2,-2.82,-55.69,-86.79,3.53,-0.29,-27.68,-23.12,-12.69,-27.68,-4.2,-51.41,-81.66,6.18,2.46,-24.18,-19.74,-9.59,-24.18,-1.34,-19.97,38.04,35.58,17.99,20.92,27.62,17.99,33.07,48.35,46.31,31.64,34.09,39.67,31.64,44.22,-3.97,-32.36,-27.63,-16.81,-32.36,-8.01,-27.31,-22.76,-12.36,-27.31,-3.89,3.58,11.75,0.0,18.4,8.47,-3.71,15.37,-13.31,7.53,18.4
79,0.0,0.0,-0.21,-37.12,-17.98,0.0,-0.57,-10.63,-6.75,-12.15,-10.63,-0.21,-0.0,-0.21,-37.12,-17.98,-0.0,-0.57,-10.63,-6.75,-12.15,-10.63,-0.21,-0.21,-37.12,-17.98,0.0,-0.57,-10.63,-6.75,-12.15,-10.63,-0.21,-36.83,-17.74,0.21,-0.36,-10.4,-6.52,-11.92,-10.4,-0.0,13.95,27.07,26.65,19.32,22.15,18.21,19.32,26.92,15.24,14.76,6.24,9.52,4.95,6.24,15.07,-0.57,-10.63,-6.75,-12.15,-10.63,-0.21,-10.0,-6.14,-11.51,-10.0,0.36,3.51,-1.38,0.0,9.42,-5.06,-3.63,6.13,1.36,10.65,9.42
80,0.57,-0.05,-4.56,-5.3,-119.36,0.57,0.0,-5.3,-5.3,-5.3,-5.3,-0.18,-0.63,-5.16,-5.9,-120.62,-0.0,-0.58,-5.9,-5.9,-5.9,-5.9,-0.76,-4.5,-5.24,-119.24,0.63,0.05,-5.24,-5.24,-5.24,-5.24,-0.13,-0.71,-109.8,4.9,4.36,-0.71,-0.71,-0.71,-0.71,4.18,-108.32,5.57,5.03,-0.0,-0.0,-0.0,-0.0,4.86,54.67,54.41,52.0,52.0,52.0,52.0,54.33,-0.58,-5.9,-5.9,-5.9,-5.9,-0.76,-5.3,-5.3,-5.3,-5.3,-0.18,0.0,0.0,0.0,4.86,0.0,0.0,4.86,0.0,4.86,4.86
81,3.41,2.78,1.22,-8.89,-139.93,2.78,-4.48,-8.89,-8.89,-3.75,-8.89,-18.55,-0.66,-2.26,-12.73,-148.4,-0.66,-8.17,-12.73,-12.73,-7.41,-12.73,-22.73,-1.6,-11.99,-146.78,0.0,-7.46,-11.99,-11.99,-6.71,-11.99,-21.93,-10.23,-142.9,1.57,-5.77,-10.23,-10.23,-5.03,-10.23,-20.02,-120.35,10.71,4.05,0.0,0.0,4.72,0.0,-8.88,59.48,56.45,54.62,54.62,56.76,54.62,50.59,-7.46,-11.99,-11.99,-6.71,-11.99,-21.93,-4.22,-4.22,0.7,-4.22,-13.47,0.0,4.72,0.0,-8.88,4.72,0.0,-8.88,-4.95,-14.27,-8.88
82,0.0,0.0,-0.14,-59.9,-65.18,0.0,0.0,-33.82,-43.16,-19.05,-33.82,-10.22,-0.0,-0.14,-59.9,-65.18,-0.0,0.0,-33.82,-43.16,-19.05,-33.82,-10.22,-0.14,-59.9,-65.18,0.0,0.0,-33.82,-43.16,-19.05,-33.82,-10.22,-59.68,-64.94,0.14,0.14,-33.63,-42.95,-18.88,-33.63,-10.06,-3.3,37.46,37.46,16.31,10.47,25.55,16.31,31.07,39.46,39.46,18.98,13.33,27.93,18.98,33.27,0.0,-33.82,-43.16,-19.05,-33.82,-10.22,-33.82,-43.16,-19.05,-33.82,-10.22,-6.97,11.04,0.0,17.64,16.84,6.52,23.01,-12.41,7.42,17.64
83,1.1,1.1,-0.7,-125.82,-76.06,-3.57,-3.57,-20.13,-44.17,-17.79,-20.13,-4.02,0.0,-1.81,-128.32,-78.01,-4.72,-4.71,-21.46,-45.76,-19.1,-21.46,-5.17,-1.81,-128.32,-78.01,-4.72,-4.71,-21.46,-45.76,-19.1,-21.46,-5.17,-124.26,-74.84,-2.86,-2.85,-19.3,-43.17,-16.98,-19.3,-3.3,22.04,54.14,54.14,46.8,36.16,47.84,46.8,53.94,41.17,41.17,31.77,18.12,33.09,31.77,40.92,0.0,-15.98,-39.19,-13.73,-15.98,-0.43,-15.99,-39.2,-13.74,-15.99,-0.44,-20.01,1.94,0.0,13.41,18.29,16.67,27.85,-1.98,11.69,13.41
84,12.71,11.07,11.24,-2.66,-261.24,11.24,0.02,-1.82,-2.66,6.12,-1.82,-20.51,-1.88,-1.68,-17.61,-313.82,-1.68,-14.54,-16.64,-17.61,-7.55,-16.64,-38.05,0.2,-15.44,-306.19,0.2,-12.43,-14.49,-15.44,-5.57,-14.49,-35.5,-15.67,-307.0,0.0,-12.65,-14.72,-15.67,-5.78,-14.72,-35.77,-251.87,13.55,2.61,0.82,-0.0,8.55,0.82,-17.38,75.43,72.32,71.81,71.58,74.01,71.81,66.64,-12.65,-14.72,-15.67,-5.78,-14.72,-35.77,-1.84,-2.68,6.1,-1.84,-20.53,-0.83,7.79,0.0,-18.35,8.55,0.82,-17.38,-8.45,-28.36,-18.35
85,0.47,-0.46,0.47,-9.89,-53.63,0.47,-0.46,-9.89,-9.89,-3.25,-9.89,-0.74,-0.94,0.0,-10.42,-54.36,0.0,-0.94,-10.42,-10.42,-3.74,-10.42,-1.22,0.93,-9.39,-52.92,0.93,0.0,-9.39,-9.39,-2.77,-9.39,-0.28,-10.42,-54.36,-0.0,-0.94,-10.42,-10.42,-3.74,-10.42,-1.22,-39.8,9.43,8.58,-0.0,-0.0,6.05,-0.0,8.33,35.21,34.6,28.47,28.47,32.79,28.47,34.42,-0.94,-10.42,-10.42,-3.74,-10.42,-1.22,-9.39,-9.39,-2.77,-9.39,-0.28,0.0,6.05,0.0,8.33,6.05,0.0,8.33,-6.44,2.43,8.33
86,1.84,1.84,-0.37,-111.04,-157.54,1.68,-8.73,-31.61,-47.61,-15.02,-31.08,-17.75,0.0,-2.26,-115.0,-162.37,-0.16,-10.77,-34.07,-50.38,-17.17,-33.54,-19.96,-2.26,-115.0,-162.37,-0.16,-10.77,-34.07,-50.38,-17.17,-33.54,-19.96,-110.25,-156.58,2.05,-8.33,-31.11,-47.06,-14.59,-30.6,-17.32,-22.03,53.41,48.48,37.64,30.05,45.5,37.89,44.2,61.82,57.78,48.9,42.68,55.34,49.1,54.28,-10.59,-33.86,-50.14,-16.98,-33.33,-19.77,-21.03,-35.76,-5.78,-20.56,-8.3,-12.16,12.61,0.4,10.52,22.08,11.2,20.23,-13.97,-2.38,10.17
87,0.0,0.0,-0.22,-55.92,-38.23,0.0,0.0,-12.38,-25.53,-24.1,-15.39,-6.48,0.0,-0.22,-55.92,-38.23,0.0,0.0,-12.38,-25.53,-24.1,-15.39,-6.48,-0.22,-55.92,-38.23,0.0,0.0,-12.38,-25.53,-24.1,-15.39,-6.48,-55.58,-37.93,0.22,0.22,-12.13,-25.25,-23.83,-15.14,-6.24,11.34,35.86,35.86,27.92,19.49,20.4,25.99,31.71,27.66,27.66,18.7,9.19,10.22,16.52,22.97,0.0,-12.38,-25.53,-24.1,-15.39,-6.48,-12.38,-25.53,-24.1,-15.39,-6.48,-11.7,-10.43,-2.68,5.25,1.14,8.07,15.18,7.02,14.2,7.73
88,-0.54,-0.43,-1.56,-67.69,-76.26,0.0,0.0,-44.63,-21.31,-24.06,-44.63,-1.71,0.1,-1.02,-66.8,-75.32,0.53,0.53,-43.86,-20.67,-23.4,-43.86,-1.16,-1.12,-66.97,-75.5,0.43,0.43,-44.01,-20.79,-23.53,-44.01,-1.27,-65.12,-73.55,1.54,1.54,-42.41,-19.45,-22.15,-42.41,-0.14,-5.11,40.37,40.37,13.75,27.66,26.02,13.75,39.35,43.27,43.27,17.95,31.17,29.61,17.95,42.3,0.0,-44.63,-21.31,-24.06,-44.63,-1.71,-44.63,-21.31,-24.06,-44.63,-1.71,16.12,14.22,0.0,29.68,-2.26,-19.22,16.16,-16.58,18.02,29.68
89,6.11,5.8,-2.34,-113.36,-99.61,-0.45,-0.07,-49.11,-39.09,-34.62,-49.11,-11.08,-0.33,-9.0,-127.24,-112.59,-6.99,-6.58,-58.81,-48.13,-43.38,-58.81,-18.31,-8.64,-126.49,-111.9,-6.64,-6.23,-58.29,-47.65,-42.91,-58.29,-17.92,-108.48,-95.04,1.85,2.22,-45.7,-35.9,-31.54,-45.7,-8.54,6.45,52.92,53.1,30.11,34.81,36.9,30.11,47.94,49.67,49.87,25.3,30.32,32.55,25.3,44.35,0.38,-48.44,-38.46,-34.02,-48.44,-10.59,-49.01,-38.99,-34.53,-49.01,-11.01,6.73,9.72,0.0,25.5,3.21,-7.21,20.13,-10.76,17.49,25.5
90,0.0,0.0,-1.21,-5.87,-110.15,0.0,-1.24,-5.87,-5.87,-4.05,-5.87,-17.91,-0.0,-1.21,-5.87,-110.15,-0.0,-1.24,-5.87,-5.87,-4.05,-5.87,-17.91,-1.21,-5.87,-110.15,0.0,-1.24,-5.87,-5.87,-4.05,-5.87,-17.91,-4.61,-107.64,1.19,-0.03,-4.61,-4.61,-2.81,-4.61,-16.5,-98.5,5.54,4.37,-0.0,-0.0,1.71,-0.0,-11.37,52.41,51.83,49.62,49.62,50.49,49.62,43.89,-1.24,-5.87,-5.87,-4.05,-5.87,-17.91,-4.57,-4.57,-2.78,-4.57,-16.47,0.0,1.71,0.0,-11.37,1.71,0.0,-11.37,-1.74,-13.31,-11.37
91,-1.24,-1.07,1.15,-13.17,-114.58,4.14,-7.43,-8.54,-13.17,-12.05,-8.54,-13.65,0.17,2.37,-11.78,-111.95,5.32,-6.11,-7.21,-11.78,-10.68,-7.21,-12.26,2.2,-11.98,-112.32,5.15,-6.3,-7.39,-11.98,-10.87,-7.39,-12.45,-14.49,-117.09,3.02,-8.69,-9.8,-14.49,-13.36,-9.8,-14.98,-89.61,15.3,5.07,4.1,0.0,0.99,4.1,-0.43,55.33,49.93,49.42,47.26,47.78,49.42,47.04,-12.07,-13.23,-18.06,-16.89,-13.23,-18.56,-1.03,-5.34,-4.3,-1.03,-5.79,-4.27,-3.24,0.0,-4.71,0.99,4.1,-0.43,3.14,-1.43,-4.71
92,11.17,1.1,10.5,-79.64,-197.35,1.12,-24.18,-18.07,-50.26,-26.1,-18.07,-41.76,-11.34,-0.76,-102.23,-234.75,-11.32,-39.8,-32.92,-69.16,-41.97,-32.92,-59.59,9.5,-81.64,-200.66,0.02,-25.56,-19.39,-51.93,-27.51,-19.39,-43.34,-100.71,-232.23,-10.48,-38.75,-31.92,-67.88,-40.9,-31.92,-58.39,-65.53,44.95,30.87,34.27,16.36,29.8,34.27,21.08,66.75,58.24,60.29,49.47,57.59,60.29,52.33,-25.58,-19.4,-51.95,-27.53,-19.4,-43.36,4.92,-21.0,-1.55,4.92,-14.16,-27.26,-6.8,0.0,-20.06,16.07,21.42,5.65,6.37,-12.41,-20.06
93,0.0,0.0,0.0,-50.67,-55.31,0.0,0.0,-13.5,-41.12,-23.89,-13.5,-1.04,0.0,0.0,-50.67,-55.31,0.0,0.0,-13.5,-41.12,-23.89,-13.5,-1.04,0.0,-50.67,-55.31,0.0,0.0,-13.5,-41.12,-23.89,-13.5,-1.04,-50.67,-55.31,-0.0,-0.0,-13.5,-41.12,-23.89,-13.5,-1.04,-3.08,33.63,33.63,24.67,6.34,17.78,24.67,32.94,35.61,35.61,26.92,9.14,20.23,26.92,34.95,0.0,-13.5,-41.12,-23.89,-13.5,-1.04,-13.5,-41.12,-23.89,-13.5,-1.04,-24.33,-9.15,0.0,10.98,12.21,19.57,28.4,8.38,18.45,10.98
94,6.82,6.82,8.98,-13.43,-210.78,6.82,0.3,6.82,-13.43,-0.82,6.82,-25.1,-0.0,2.33,-21.73,-233.51,-0.0,-6.99,0.0,-21.73,-8.2,0.0,-34.25,2.33,-21.73,-233.51,0.0,-6.99,0.0,-21.73,-8.2,0.0,-34.25,-24.63,-241.46,-2.38,-9.54,-2.38,-24.63,-10.78,-2.38,-37.45,-173.98,17.85,12.11,17.85,-0.0,11.11,17.85,-10.28,70.02,67.92,70.02,63.5,67.56,70.02,59.75,-6.99,0.0,-21.73,-8.2,0.0,-34.25,6.53,-13.77,-1.13,6.53,-25.47,-21.73,-8.2,0.0,-34.25,11.11,17.85,-10.28,7.58,-24.07,-34.25
95,1.0,0.0,1.89,-8.21,-44.0,0.29,0.0,-8.21,-8.21,-8.21,-8.21,-5.05,-1.01,0.9,-9.3,-45.46,-0.72,-1.01,-9.3,-9.3,-9.3,-9.3,-6.12,1.89,-8.21,-44.0,0.29,0.0,-8.21,-8.21,-8.21,-8.21,-5.05,-10.29,-46.77,-1.64,-1.93,-10.29,-10.29,-10.29,-10.29,-7.08,-33.08,7.85,7.58,-0.0,-0.0,-0.0,-0.0,2.91,30.75,30.55,24.86,24.86,24.86,24.86,27.04,-0.29,-8.52,-8.52,-8.52,-8.52,-5.36,-8.21,-8.21,-8.21,-8.21,-5.05,0.0,0.0,0.0,2.91,0.0,0.0,2.91,0.0,2.91,2.91
96,6.33,6.33,6.33,6.33,-123.02,6.33,-0.11,6.33,6.33,6.33,6.33,-26.18,0.0,-0.0,0.0,-138.09,0.0,-6.88,0.0,0.0,0.0,0.0,-34.7,-0.0,0.0,-138.09,0.0,-6.88,0.0,0.0,0.0,0.0,-34.7,0.0,-138.09,0.0,-6.88,0.0,0.0,0.0,0.0,-34.7,-138.09,-0.0,-6.88,-0.0,-0.0,-0.0,-0.0,-34.7,58.0,55.11,58.0,58.0,58.0,58.0,43.42,-6.88,0.0,0.0,0.0,0.0,-34.7,6.43,6.43,6.43,6.43,-26.03,0.0,0.0,0.0,-34.7,0.0,0.0,-34.7,0.0,-34.7,-34.7
97,0.0,0.0,-4.13,-16.75,-38.28,-1.08,-1.08,-16.75,-13.23,-1.08,-16.75,-2.48,0.0,-4.13,-16.75,-38.28,-1.08,-1.08,-16.75,-13.23,-1.08,-16.75,-2.48,-4.13,-16.75,-38.28,-1.08,-1.08,-16.75,-13.23,-1.08,-16.75,-2.48,-12.11,-32.79,2.93,2.93,-12.11,-8.73,2.93,-12.11,1.59,-18.44,13.42,13.42,0.0,3.02,13.42,0.0,12.23,26.9,26.9,15.57,18.12,26.9,15.57,25.89,0.0,-15.5,-12.02,0.0,-15.5,-1.38,-15.5,-12.02,0.0,-15.5,-1.38,3.02,13.42,0.0,12.23,10.73,-3.11,9.5,-15.5,-1.38,12.23
98,1.03,1.03,1.03,1.03,-69.35,1.03,0.0,1.03,1.03,1.03,1.03,-7.97,-0.0,0.0,-0.0,-71.11,-0.0,-1.04,-0.0,-0.0,-0.0,-0.0,-9.09,0.0,-0.0,-71.11,0.0,-1.04,0.0,0.0,0.0,0.0,-9.09,-0.0,-71.11,-0.0,-1.04,-0.0,-0.0,-0.0,-0.0,-9.09,-71.11,0.0,-1.04,0.0,0.0,0.0,0.0,-9.09,41.56,40.95,41.56,41.56,41.56,41.56,36.25,-1.04,0.0,0.0,0.0,0.0,-9.09,1.03,1.03,1.03,1.03,-7.97,0.0,0.0,0.0,-9.09,0.0,0.0,-9.09,0.0,-9.09,-9.09
99,3.65,-0.19,-0.19,-1.1,-60.34,3.45,-3.54,-1.1,-1.1,1.52,-1.1,-6.1,-3.99,-3.99,-4.93,-66.42,-0.2,-7.47,-4.93,-4.93,-2.21,-4.93,-10.12,0.0,-0.9,-60.04,3.64,-3.35,-0.9,-0.9,1.71,-0.9,-5.9,-0.9,-60.04,3.64,-3.35,-0.9,-0.9,1.71,-0.9,-5.9,-58.6,4.5,-2.42,-0.0,-0.0,2.59,-0.0,-4.95,39.79,35.42,36.95,36.95,38.58,36.95,33.83,-7.25,-4.71,-4.71,-2.0,-4.71,-9.9,2.36,2.36,4.89,2.36,-2.47,0.0,2.59,0.0,-4.95,2.59,0.0,-4.95,-2.66,-7.74,-4.95
100,1.85,1.85,1.85,1.85,-178.84,1.85,-4.5,1.85,1.85,1.85,1.85,-22.81,-0.0,0.0,0.0,-184.1,-0.0,-6.47,0.0,0.0,0.0,0.0,-25.12,0.0,0.0,-184.1,0.0,-6.47,0.0,0.0,0.0,0.0,-25.12,-0.0,-184.1,-0.0,-6.47,-0.0,-0.0,-0.0,-0.0,-25.12,-184.1,-0.0,-6.47,-0.0,-0.0,-0.0,-0.0,-25.12,64.8,62.52,64.8,64.8,64.8,64.8,55.96,-6.47,0.0,0.0,0.0,0.0,-25.12,6.08,6.08,6.08,6.08,-17.52,0.0,0.0,0.0,-25.12,0.0,0.0,-25.12,0.0,-25.12,-25.12
101,0.0,0.0,-0.22,-2.37,-53.44,0.0,0.0,-2.32,-1.38,-2.37,-2.32,-6.16,-0.0,-0.22,-2.37,-53.44,-0.0,0.0,-2.32,-1.38,-2.37,-2.32,-6.16,-0.22,-2.37,-53.44,0.0,0.0,-2.32,-1.38,-2.37,-2.32,-6.16,-2.15,-53.1,0.22,0.22,-2.09,-1.15,-2.15,-2.09,-5.92,-49.88,2.32,2.32,0.05,0.97,-0.0,0.05,-3.7,34.83,34.83,33.32,33.93,33.28,33.32,30.82,0.0,-2.32,-1.38,-2.37,-2.32,-6.16,-2.32,-1.38,-2.37,-2.32,-6.16,0.92,-0.05,0.0,-3.75,-0.98,-0.93,-4.71,0.05,-3.7,-3.75
102,3.08,3.08,3.08,-3.26,-68.59,3.08,3.08,0.18,1.66,-2.56,0.18,-2.31,0.0,-0.0,-6.54,-73.96,0.0,0.0,-3.0,-1.47,-5.83,-3.0,-5.57,-0.0,-6.54,-73.96,0.0,0.0,-3.0,-1.47,-5.83,-3.0,-5.57,-6.54,-73.96,0.0,0.0,-3.0,-1.47,-5.83,-3.0,-5.57,-63.28,6.14,6.14,3.33,4.76,0.67,3.33,0.91,42.51,42.51,40.79,41.67,39.16,40.79,39.31,0.0,-3.0,-1.47,-5.83,-3.0,-5.57,-3.0,-1.47,-5.83,-3.0,-5.57,1.48,-2.75,0.0,-2.49,-4.29,-1.5,-4.04,2.67,0.25,-2.49
103,2.54,2.54,3.9,-7.06,-93.0,3.9,-7.2,-3.91,-7.06,-5.03,-3.91,-25.0,-0.0,1.4,-9.85,-98.03,1.4,-9.99,-6.62,-9.85,-7.77,-6.62,-28.26,1.4,-9.85,-98.03,1.4,-9.99,-6.62,-9.85,-7.77,-6.62,-28.26,-11.41,-100.84,-0.0,-11.55,-8.13,-11.41,-9.3,-8.13,-30.07,-80.28,10.24,-0.13,2.94,0.0,1.89,2.94,-16.76,50.21,44.46,46.16,44.53,45.58,46.16,35.23,-11.55,-8.13,-11.41,-9.3,-8.13,-30.07,3.07,0.13,2.02,3.07,-16.61,-3.03,-1.08,0.0,-20.3,1.89,2.94,-16.76,1.07,-19.01,-20.3
104,3.58,3.58,3.58,3.58,-261.86,3.58,-15.72,3.58,3.58,3.93,3.58,-20.6,0.0,-0.0,-0.0,-275.32,0.0,-20.02,0.0,0.0,0.35,0.0,-25.08,-0.0,-0.0,-275.32,0.0,-20.02,0.0,0.0,0.35,0.0,-25.08,0.0,-275.32,0.0,-20.02,0.0,0.0,0.35,0.0,-25.08,-275.32,0.0,-20.02,0.0,0.0,0.35,0.0,-25.08,73.36,68.02,73.36,73.36,73.45,73.36,66.67,-20.02,0.0,0.0,0.35,0.0,-25.08,16.68,16.68,16.98,16.68,-4.21,0.0,0.35,0.0,-25.08,0.35,0.0,-25.08,-0.36,-25.53,-25.08
105,0.0,0.0,-0.78,-12.65,-46.35,0.0,0.0,-10.97,-6.15,-7.54,-10.97,-0.99,-0.0,-0.78,-12.65,-46.35,-0.0,0.0,-10.97,-6.15,-7.54,-10.97,-0.99,-0.78,-12.65,-46.35,0.0,0.0,-10.97,-6.15,-7.54,-10.97,-0.99,-11.78,-45.22,0.77,0.77,-10.11,-5.34,-6.71,-10.11,-0.21,-29.92,11.23,11.23,1.49,5.76,4.53,1.49,10.35,31.67,31.67,24.17,27.46,26.52,24.17,30.99,0.0,-10.97,-6.15,-7.54,-10.97,-0.99,-10.97,-6.15,-7.54,-10.97,-0.99,4.34,3.09,0.0,8.99,-1.3,-4.54,4.86,-3.19,6.09,8.99
106,-8.19,-8.19,-8.19,-8.19,-168.53,-8.19,-18.68,-8.19,-8.19,-8.19,-8.19,-15.0,0.0,-0.0,-0.0,-148.19,0.0,-9.69,0.0,0.0,0.0,0.0,-6.29,-0.0,-0.0,-148.19,0.0,-9.69,0.0,0.0,0.0,0.0,-6.29,0.0,-148.19,0.0,-9.69,0.0,0.0,0.0,0.0,-6.29,-148.19,0.0,-9.69,0.0,0.0,0.0,0.0,-6.29,59.71,55.8,59.71,59.71,59.71,59.71,57.17,-9.69,0.0,0.0,0.0,0.0,-6.29,8.84,8.84,8.84,8.84,3.1,0.0,0.0,0.0,-6.29,0.0,0.0,-6.29,0.0,-6.29,-6.29
107,1.72,2.12,2.34,-8.5,-111.63,2.98,-2.13,-8.5,-8.5,-6.15,-8.5,-20.49,0.41,0.63,-10.4,-115.34,1.28,-3.92,-10.4,-10.4,-8.01,-10.4,-22.6,0.22,-10.85,-116.22,0.88,-4.35,-10.85,-10.85,-8.45,-10.85,-23.1,-11.1,-116.69,0.66,-4.58,-11.1,-11.1,-8.69,-11.1,-23.37,-95.05,10.58,5.87,-0.0,-0.0,2.17,-0.0,-11.05,54.16,51.74,48.73,48.73,49.84,48.73,43.07,-5.27,-11.83,-11.83,-9.41,-11.83,-24.19,-6.23,-6.23,-3.93,-6.23,-17.97,0.0,2.17,0.0,-11.05,2.17,0.0,-11.05,-2.22,-13.51,-11.05
108,-2.66,-2.66,-9.44,-12.37,-268.16,-2.58,-13.09,-12.37,-12.37,-12.37,-12.37,-28.15,-0.0,-6.61,-9.46,-258.61,0.08,-10.16,-9.46,-9.46,-9.46,-9.46,-24.83,-6.61,-9.46,-258.61,0.08,-10.16,-9.46,-9.46,-9.46,-9.46,-24.83,-2.68,-236.39,6.28,-3.33,-2.68,-2.68,-2.68,-2.68,-17.09,-227.62,8.72,-0.64,-0.0,-0.0,-0.0,-0.0,-14.04,72.14,69.28,69.48,69.48,69.48,69.48,65.19,-10.25,-9.55,-9.55,-9.55,-9.55,-24.93,0.63,0.63,0.63,0.63,-13.32,0.0,0.0,0.0,-14.04,0.0,0.0,-14.04,0.0,-14.04,-14.04
109,4.84,4.84,4.84,-6.61,-35.62,4.84,0.0,4.84,-5.5,-4.74,4.84,-3.2,-0.0,-0.0,-12.04,-42.53,-0.0,-5.09,0.0,-10.87,-10.08,0.0,-8.46,-0.0,-12.04,-42.53,0.0,-5.09,0.0,-10.87,-10.08,0.0,-8.46,-12.04,-42.53,0.0,-5.09,0.0,-10.87,-10.08,0.0,-8.46,-27.22,10.74,6.2,10.74,1.04,1.75,10.74,3.19,29.84,26.27,29.84,22.21,22.77,29.84,23.9,-5.09,0.0,-10.87,-10.08,0.0,-8.46,4.84,-5.5,-4.74,4.84,-3.2,-10.87,-10.08,0.0,-8.46,0.72,9.81,2.18,9.15,1.47,-8.46
110,0.0,-0.16,-0.16,-6.17,-105.48,-0.16,0.0,-2.87,-6.17,-6.17,-2.87,-1.28,-0.16,-0.16,-6.17,-105.48,-0.16,0.0,-2.87,-6.17,-6.17,-2.87,-1.28,-0.0,-5.99,-105.15,0.0,0.16,-2.71,-5.99,-5.99,-2.71,-1.12,-5.99,-105.15,0.0,0.16,-2.71,-5.99,-5.99,-2.71,-1.12,-93.55,5.65,5.81,3.1,0.0,0.0,3.1,4.6,51.25,51.33,49.94,48.33,48.33,49.94,50.71,0.16,-2.71,-5.99,-5.99,-2.71,-1.12,-2.87,-6.17,-6.17,-2.87,-1.28,-3.2,-3.2,0.0,1.55,0.0,3.1,4.6,3.1,4.6,1.55
111,2.74,3.28,1.46,-5.85,-112.74,2.43,-2.71,-5.12,-5.85,-1.84,-5.12,-13.52,0.56,-1.32,-8.83,-118.73,-0.32,-5.61,-8.08,-8.83,-4.71,-8.08,-16.72,-1.89,-9.44,-119.96,-0.88,-6.2,-8.68,-9.44,-5.3,-8.68,-17.38,-7.41,-115.89,0.99,-4.23,-6.67,-7.41,-3.35,-6.67,-15.2,-100.99,7.82,2.96,0.69,-0.0,3.79,0.69,-7.25,54.14,51.72,50.59,50.25,52.13,50.59,46.64,-5.27,-7.74,-8.49,-4.38,-7.74,-16.35,-2.34,-3.05,0.85,-2.34,-10.53,-0.69,3.12,0.0,-8.0,3.79,0.69,-7.25,-3.22,-11.47,-8.0
112,2.74,-0.4,1.92,-38.85,-115.03,-1.59,-5.52,-11.68,-24.55,-5.91,-11.68,-10.97,-3.23,-0.84,-42.76,-121.08,-4.45,-8.49,-14.83,-28.06,-8.89,-14.83,-14.09,2.31,-38.3,-114.17,-1.19,-5.1,-11.24,-24.05,-5.49,-11.24,-10.53,-41.57,-119.24,-3.58,-7.59,-13.87,-26.99,-7.98,-13.87,-13.14,-54.86,26.83,24.0,19.56,10.3,23.72,19.56,20.08,52.75,50.93,48.06,42.08,50.75,48.06,48.39,-3.87,-9.94,-22.6,-4.25,-9.94,-9.23,-5.84,-18.03,-0.36,-5.84,-5.16,-11.52,5.17,0.0,0.64,14.97,10.33,10.91,-5.45,-4.78,0.64
113,0.0,0.0,-0.21,-38.86,-17.33,0.0,0.0,-8.19,-9.38,-6.8,-8.19,-0.06,-0.0,-0.21,-38.86,-17.33,-0.0,0.0,-8.19,-9.38,-6.8,-8.19,-0.06,-0.21,-38.86,-17.33,0.0,0.0,-8.19,-9.38,-6.8,-8.19,-0.06,-38.56,-17.08,0.21,0.21,-7.96,-9.14,-6.57,-7.96,0.15,15.5,27.98,27.98,22.09,21.23,23.09,22.09,27.94,14.77,14.77,7.79,6.78,8.98,7.79,14.72,0.0,-8.19,-9.38,-6.8,-8.19,-0.06,-8.19,-9.38,-6.8,-8.19,-0.06,-1.1,1.29,0.0,7.52,2.36,1.08,8.52,-1.3,6.31,7.52
114,2.31,0.0,2.31,-64.8,-52.54,0.0,0.0,-30.6,-34.7,-23.51,-30.6,-1.4,-2.37,-0.0,-68.7,-56.15,-2.37,-2.37,-33.69,-37.88,-26.43,-33.69,-3.8,2.31,-64.8,-52.54,0.0,0.0,-30.6,-34.7,-23.51,-30.6,-1.4,-68.7,-56.15,-2.37,-2.37,-33.69,-37.88,-26.43,-33.69,-3.8,7.44,39.32,39.32,20.75,18.27,25.06,20.75,38.47,34.44,34.44,14.38,11.7,19.03,14.38,33.53,0.0,-30.6,-34.7,-23.51,-30.6,-1.4,-30.6,-34.7,-23.51,-30.6,-1.4,-3.13,5.44,0.0,22.36,8.31,3.04,24.72,-5.75,17.9,22.36
115,0.05,-3.07,-4.07,-70.11,-60.79,-3.99,-3.96,-36.96,-22.99,-15.23,-36.96,-12.25,-3.11,-4.12,-70.19,-60.86,-4.04,-4.0,-37.02,-23.05,-15.28,-37.02,-12.3,-0.97,-65.05,-56.0,-0.9,-0.86,-32.89,-19.33,-11.8,-32.89,-8.91,-63.46,-54.5,0.08,0.11,-31.61,-18.19,-10.72,-31.61,-7.86,5.48,38.87,38.89,19.49,27.7,32.27,19.49,34.02,35.32,35.34,14.82,23.5,28.34,14.82,30.19,0.03,-31.71,-18.28,-10.81,-31.71,-7.94,-31.75,-18.31,-10.84,-31.75,-7.98,10.2,15.87,0.0,18.04,6.32,-11.36,8.74,-18.86,2.58,18.04
116,1.21,1.21,-6.72,-97.86,-108.6,-13.85,-12.98,-33.81,-30.53,-27.89,-33.81,-12.25,0.0,-8.02,-100.27,-111.14,-15.24,-14.36,-35.44,-32.12,-29.45,-35.44,-13.62,-8.02,-100.27,-111.14,-15.24,-14.36,-35.44,-32.12,-29.45,-35.44,-13.62,-85.4,-95.46,-6.68,-5.87,-25.38,-22.31,-19.84,-25.38,-5.18,-5.43,42.46,42.9,32.37,34.03,35.36,32.37,43.27,45.42,45.84,35.85,37.42,38.69,35.85,46.19,0.76,-17.52,-14.65,-12.33,-17.52,1.41,-18.43,-15.53,-13.2,-18.43,0.65,2.45,4.42,0.0,16.11,2.02,-2.51,14.01,-4.62,12.23,16.11
117,0.0,0.0,-0.14,-59.67,-17.7,0.0,0.0,-10.19,-14.09,-16.84,-10.19,-0.61,0.0,-0.14,-59.67,-17.7,0.0,0.0,-10.19,-14.09,-16.84,-10.19,-0.61,-0.14,-59.67,-17.7,0.0,0.0,-10.19,-14.09,-16.84,-10.19,-0.61,-59.45,-17.54,0.14,0.14,-10.04,-13.93,-16.68,-10.04,-0.47,26.29,37.37,37.37,30.99,28.55,26.82,30.99,36.99,15.04,15.04,6.38,3.07,0.73,6.38,14.52,0.0,-10.19,-14.09,-16.84,-10.19,-0.61,-10.19,-14.09,-16.84,-10.19,-0.61,-3.54,-6.03,0.0,8.7,-2.41,3.42,11.81,5.69,13.89,8.7
118,0.0,0.0,-2.69,-51.49,-41.91,0.0,0.0,-33.06,-22.11,-17.32,-33.06,-5.2,-0.0,-2.69,-51.49,-41.91,-0.0,0.0,-33.06,-22.11,-17.32,-33.06,-5.2,-2.69,-51.49,-41.91,0.0,0.0,-33.06,-22.11,-17.32,-33.06,-5.2,-47.51,-38.18,2.62,2.62,-29.57,-18.91,-14.24,-29.57,-2.44,6.32,33.99,33.99,12.16,19.39,22.56,12.16,30.55,29.53,29.53,6.23,13.95,17.33,6.23,25.86,0.0,-33.06,-22.11,-17.32,-33.06,-5.2,-33.06,-22.11,-17.32,-33.06,-5.2,8.23,11.83,0.0,20.94,3.93,-8.97,13.85,-13.42,10.32,20.94
119,0.77,1.15,-3.95,-74.59,-51.13,-0.45,0.77,-15.77,-27.08,-20.76,-15.77,-7.32,0.38,-4.76,-75.95,-52.31,-1.23,0.0,-16.67,-28.07,-21.71,-16.67,-8.16,-5.16,-76.63,-52.9,-1.62,-0.38,-17.12,-28.56,-22.18,-17.12,-8.57,-67.96,-45.39,3.36,4.54,-11.37,-22.25,-16.18,-11.37,-3.24,13.43,42.46,43.17,33.69,27.21,30.83,33.69,38.53,33.54,34.35,23.4,15.92,20.09,23.4,28.99,1.22,-15.25,-26.51,-20.22,-15.25,-6.84,-16.67,-28.07,-21.71,-16.67,-8.16,-9.77,-4.32,0.0,7.3,4.97,8.9,15.55,4.14,11.13,7.3
120,7.52,4.28,1.87,-80.19,-162.4,0.01,0.01,-23.33,-33.1,-27.38,-23.33,-34.74,-3.49,-6.11,-94.84,-183.73,-8.12,-8.12,-33.35,-43.92,-37.73,-33.35,-45.69,-2.52,-88.26,-174.15,-4.47,-4.47,-28.85,-39.06,-33.08,-28.85,-40.77,-83.63,-167.4,-1.89,-1.89,-25.67,-35.64,-29.8,-25.67,-37.31,-45.62,44.51,44.51,31.56,26.13,29.31,31.56,25.22,61.89,61.89,53.0,49.28,51.46,53.0,48.65,0.0,-23.34,-33.11,-27.39,-23.34,-34.76,-23.34,-33.11,-27.39,-23.34,-34.76,-7.93,-3.28,0.0,-9.26,4.3,7.34,-1.23,3.18,-5.78,-9.26
121,-0.99,0.04,-0.99,-46.77,-26.92,-0.99,-0.99,-12.66,-18.14,-10.01,-12.66,-1.01,1.02,0.0,-45.33,-25.67,-0.0,0.0,-11.56,-16.99,-8.93,-11.56,-0.02,-1.03,-46.84,-26.97,-1.03,-1.03,-12.71,-18.2,-10.06,-12.71,-1.05,-45.33,-25.67,-0.0,-0.0,-11.56,-16.99,-8.93,-11.56,-0.02,13.53,31.19,31.19,23.24,19.51,25.05,23.24,31.18,20.43,20.43,11.23,6.91,13.32,11.23,20.41,0.0,-11.56,-16.99,-8.93,-11.56,-0.02,-11.56,-16.99,-8.93,-11.56,-0.02,-4.86,2.36,0.0,10.35,6.89,4.64,14.5,-2.41,8.18,10.35
122,0.0,-0.62,-14.8,-54.72,-70.74,0.0,-0.62,-34.4,-41.33,-16.13,-34.4,-14.61,-0.62,-14.8,-54.72,-70.74,-0.0,-0.62,-34.4,-41.33,-16.13,-34.4,-14.61,-14.1,-53.78,-69.7,0.61,0.0,-33.58,-40.47,-15.42,-33.58,-13.91,-34.77,-48.73,12.89,12.36,-17.07,-23.11,-1.16,-17.07,0.17,-10.35,35.37,34.97,13.14,8.66,24.94,13.14,25.93,41.43,41.07,21.29,17.22,31.98,21.29,32.88,-0.62,-34.4,-41.33,-16.13,-34.4,-14.61,-33.58,-40.47,-15.42,-33.58,-13.91,-5.16,13.59,0.0,14.72,17.83,4.91,18.91,-15.73,1.31,14.72
123,0.16,-1.8,-5.86,-143.43,-86.9,0.19,0.16,-54.66,-43.79,-39.31,-54.66,-14.02,-1.96,-6.03,-143.82,-87.2,0.03,0.0,-54.91,-44.02,-39.53,-54.91,-14.21,-3.99,-139.12,-83.6,1.95,1.93,-51.93,-41.24,-36.84,-51.93,-12.01,-129.95,-76.55,5.71,5.69,-46.1,-35.82,-31.59,-46.1,-7.71,23.22,59.0,58.99,36.46,40.93,42.77,36.46,53.16,46.6,46.58,17.25,23.07,25.46,17.25,38.99,-0.03,-54.95,-44.06,-39.57,-54.95,-14.24,-54.91,-44.02,-39.53,-54.91,-14.21,7.03,9.93,0.0,26.28,3.11,-7.56,20.7,-11.02,18.15,26.28
124,1.45,9.99,10.15,-68.9,-197.63,1.45,-23.84,-20.92,-59.08,-25.42,-20.92,-23.03,8.67,8.83,-71.38,-202.0,-0.0,-25.66,-22.7,-61.41,-27.26,-22.7,-24.84,0.18,-87.65,-230.67,-9.49,-37.59,-34.35,-76.74,-39.34,-34.35,-36.69,-87.98,-231.26,-9.69,-37.84,-34.59,-77.05,-39.59,-34.59,-36.94,-76.22,41.65,26.67,28.4,5.81,25.74,28.4,27.16,66.89,58.39,59.37,46.55,57.86,59.37,58.66,-25.66,-22.7,-61.41,-27.26,-22.7,-24.84,2.36,-28.45,-1.27,2.36,0.66,-31.55,-3.72,0.0,-1.74,21.16,23.98,22.66,3.58,1.9,-1.74
125,0.0,0.0,-3.27,-62.52,-59.68,0.0,0.0,-20.11,-22.15,-27.3,-20.11,-8.08,-0.0,-3.27,-62.52,-59.68,-0.0,0.0,-20.11,-22.15,-27.3,-20.11,-8.08,-3.27,-62.52,-59.68,0.0,0.0,-20.11,-22.15,-27.3,-20.11,-8.08,-57.38,-54.63,3.16,3.16,-16.31,-18.28,-23.27,-16.31,-4.66,1.75,38.47,38.47,26.1,24.84,21.67,26.1,33.5,37.37,37.37,24.78,23.5,20.28,24.78,32.32,0.0,-20.11,-22.15,-27.3,-20.11,-8.08,-20.11,-22.15,-27.3,-20.11,-8.08,-1.7,-5.98,0.0,10.02,-4.22,1.67,11.52,5.65,15.1,10.02
126,0.0,0.0,-2.01,-47.4,-106.55,0.0,0.0,-41.75,-43.45,-24.58,-41.75,-13.95,0.0,-2.01,-47.4,-106.55,0.0,0.0,-41.75,-43.45,-24.58,-41.75,-13.95,-2.01,-47.4,-106.55,0.0,0.0,-41.75,-43.45,-24.58,-41.75,-13.95,-44.49,-102.47,1.97,1.97,-38.96,-40.62,-22.13,-38.96,-11.7,-40.12,32.16,32.16,3.83,2.68,15.48,3.83,22.69,51.58,51.58,31.37,30.55,39.68,31.37,44.83,0.0,-41.75,-43.45,-24.58,-41.75,-13.95,-41.75,-43.45,-24.58,-41.75,-13.95,-1.2,12.11,0.0,19.61,13.15,1.18,20.56,-13.78,8.53,19.61
127,0.45,0.67,-7.55,-101.09,-112.95,0.66,-6.81,-26.81,-32.7,-29.52,-26.81,-8.55,0.22,-8.04,-101.99,-113.9,0.21,-7.29,-27.38,-33.3,-30.1,-27.38,-9.04,-8.28,-102.44,-114.38,-0.01,-7.53,-27.66,-33.59,-30.39,-27.66,-9.28,-86.97,-97.99,7.63,0.69,-17.9,-23.38,-20.43,-17.9,-0.93,-5.9,50.6,46.88,36.94,34.01,35.59,36.94,46.02,53.35,49.84,40.45,37.68,39.18,40.45,49.02,-7.52,-27.65,-33.58,-30.38,-27.65,-9.27,-18.73,-24.24,-21.26,-18.73,-1.63,-4.65,-2.14,0.0,14.4,2.4,4.44,18.2,2.09,16.19,14.4
