"case_id","running_time","total_cost","holding_cost","penalty_cost","machine_cost","skill_cost","best_cluster","bestS","bestEBO","bestServerAssignment","GAP","GAPoolingPercentGAP"
"Case: 0001",5.67002916336059,800449.364628257,62367.8992128852,18081.465415372,500000,220000,"[[1, 2, 5, 7, 8, 9], [3, 4, 6], [10]]","[[30, 5, 24, 11, 40, 3], [1, 4, 3], [1]]","[[0.3058231321919054, 0.015910379025164317, 0.2760047382383509, 0.021625502635325176, 0.014890142797457826, 0.03525155865951263], [0.026767623749434612, 0.00018652717188818527, 0.006631187003653271], [0.0006180971841599347]]","[3, 1, 1]",194935.647074099,32.1934320268582
"Case: 0002",27.6397097110748,86567.6722745991,17352.0546014022,9215.6176731969,50000,10000,"[[1, 2, 3, 4, 5, 6, 7, 8, 9, 10, 11, 12, 13, 14, 15, 16, 17, 18, 19, 20]]","[[2, 1, 1, 6, 3, 1, 2, 2, 3, 2, 1, 8, 2, 1, 1, 2, 3, 2, 2, 1]]","[[0.04242555656000646, 0.01953310792327822, 0.04567864712862246, 0.004726844565240545, 0.0416520393734758, 0.0014227894081870873, 0.0008195836237708467, 0.009103373760802686, 0.03254434866004115, 0.03736130308223553, 0.013798035083794433, 0.0019213493402505358, 0.021627435289329967, 0.004589432821390375, 0.009951748452415957, 0.0210780742467611, 0.0067233680906802875, 0.04682094855668417, 0.00024679350315602214, 0.003731279252431586]]","[5]",9389.59845021544,12.1661476957577
"Case: 0003",14.9797472953796,115427.958757427,16444.3388609633,4483.61989646368,90000,4500,"[[1, 2, 3, 4, 10], [5, 6, 7, 8, 9]]","[[4, 3, 7, 3, 1], [10, 5, 4, 4, 2]]","[[0.0017527196071884577, 0.0003998127268959165, 0.01321035801670285, 0.025573745796651892, 0.003847615200874921], [0.03684061109212678, 0.0784960608473763, 0.03586617295775928, 0.0029595870242187785, 0.021612987768109222]]","[2, 7]",2920.94508410482,2.59623377133281
"Case: 0004",45.7720127105712,1733342.35027169,39154.2842517833,14188.0660199077,1400000,280000,"[[1, 7], [2, 20], [4, 9, 11], [5, 15], [6, 18], [8], [12, 14], [3, 10, 13], [16], [17], [19]]","[[1, 2], [2, 6], [2, 3, 6], [1, 3], [10, 2], [1], [4, 1], [12, 10, 11], [1], [2], [1]]","[[0.024003712395656605, 0.011520979760187707], [0.03117314659783416, 0.06457316510216056], [0.04102230011873654, 0.02807326964261996, 0.004528017664818977], [0.04247903274307829, 0.00293644218816508], [0.011689694180786997, 0.012032663793657415], [0.0007102068067871168], [9.540572429780206e-05, 0.01355898756368728], [0.08992991958044207, 0.013197818757413693, 0.14016170807611172], [0.041625288694588855], [0.0041745644589711], [0.007545361682533683]]","[1, 1, 1, 1, 2, 1, 1, 3, 1, 1, 1]",193581.588438071,12.572186097764
"Case: 0005",11.4230713844299,113894.567978071,12867.2258249806,6027.3421530909,80000,15000,"[[3], [4, 5], [1, 2, 6], [7], [8], [9, 10]]","[[8], [6, 6], [2, 1, 3], [24], [1], [0, 1]]","[[0.0037908363378885163], [0.051961618763620085, 0.024991558385889713], [0.03813356963417092, 0.0301483399061867, 0.04473580698163291], [0.004543021175296415], [0.001996711244103145], [0.035327152891651135, 0.04474532327513136]]","[1, 2, 2, 1, 1, 1]",15111.6328737028,15.2978172370933
"Case: 0006",55.72008228302,742439.579777035,33966.8287813401,12472.7509956949,600000,96000,"[[3], [1, 2, 4, 5, 6, 7, 8, 9, 10, 11, 12, 13, 14, 15, 16, 17, 18, 19, 20]]","[[0], [3, 4, 3, 1, 2, 1, 3, 3, 10, 1, 9, 9, 5, 2, 7, 8, 2, 1, 3]]","[[0.0010417836295689657], [0.006999764454027356, 0.024332479401548927, 0.03936756067481261, 0.01957820998522801, 0.01139627923298219, 0.013870388119476374, 0.016762248988495133, 0.006346936437276344, 0.006182667078387081, 0.03824648220000473, 0.11172193120910832, 0.0013754325663219184, 0.06331474364138531, 0.014376055515689257, 0.05667756831844193, 0.039028734701865575, 0.011821199115386264, 0.009888282306057523, 0.014754066435481931]]","[1, 5]",156817.27999157,26.7778873941477
"Case: 0007",28.2523624897003,1124154.36378471,65618.4956623629,15535.8681223546,1000000,43000,"[[1], [5, 6, 9, 10], [2, 3, 4, 7, 8]]","[[1], [3, 3, 4, 7], [20, 32, 69, 36, 96]]","[[0.0023396345324927692], [0.013443550579462383, 0.032660399077035475, 0.02503991199324925, 0.00985752956102099], [0.1437540707565446, 0.1813094487294715, 0.07209472633559813, 0.12585379779803285, 0.0011898847376010414]]","[1, 3, 6]",127472.148583189,12.7896481585571
"Case: 0008",248.218402862548,225614.448226705,22264.2974009033,7350.15082580222,130000,66000,"[[4], [1, 3, 5, 8, 9, 19], [10, 14, 17], [16], [15, 18], [2, 6, 7, 11, 12, 13, 20]]","[[1], [1, 5, 16, 4, 7, 3], [11, 4, 6], [1], [3, 2], [2, 3, 2, 4, 6, 3, 2]]","[[0.007215283394267241], [0.00040613807803222034, 0.006990296088325722, 0.013425672969293655, 0.0561020972660939, 0.003993395461509178, 0.006860383811031618], [0.027419514974071423, 0.021415431746862675, 0.011565352045545069], [0.0025284154490941868], [0.0001761299352744208, 0.003236656794512605], [0.031449685854583145, 0.039352883095600505, 0.05151764313096275, 0.0004125252076752399, 0.02284733947496201, 0.011669676963900678, 0.06444561153182066]]","[1, 4, 1, 1, 1, 5]",41028.5705978893,22.2273616621926
"Case: 0009",7.02037382125854,70200.0309199911,12701.6654686686,4998.36545132253,50000,2500,"[[4, 5, 6, 7, 8], [1, 2, 3, 9, 10]]","[[2, 2, 3, 1, 4], [4, 4, 6, 3, 2]]","[[0.03711441702658308, 0.0007382200011945134, 0.00643502678119939, 0.004916142442307477, 0.0268279754981742], [0.04299487317106221, 0.0020449652806610614, 0.013179675557052009, 0.0643359872776848, 0.012303080715434806]]","[1, 4]",2674.01839443981,3.95998267101583
"Case: 0010",18.8369238376617,1075279.51070045,34144.7497347121,11134.7609657435,700000,330000,"[[2, 14], [1, 3, 4, 5, 11, 13, 17, 20], [6, 7, 9, 16, 19], [15], [8, 10, 12, 18]]","[[0, 0], [7, 7, 8, 4, 8, 5, 2, 4], [2, 6, 1, 3, 1], [0], [1, 1, 1, 1]]","[[0.005210194619725868, 0.013168335631917398], [0.02485089937735284, 0.04759487968425376, 0.028640202920689875, 0.012857995313690685, 0.021624170962603044, 0.0526211940994265, 0.04284498384863714, 0.05963211823131957], [0.011355266403208079, 0.0039965893359983394, 0.01762929748356748, 0.03259440702830838, 0.009223771719699295], [0.008025611276142436], [0.006321419673034557, 0.0026676630781152597, 0.002600186091534849, 0.0020658027104111295]]","[1, 2, 2, 1, 1]",236875.86760338,28.2532011345224
"Case: 0011",9.05847692489624,1209689.75873284,61679.7838062544,18009.9749265923,1000000,130000,"[[2], [3, 4], [5], [6], [7], [8], [9], [1, 10]]","[[13], [40, 16], [3], [12], [10], [1], [12], [3, 6]]","[[0.09992893618112757], [0.02253716916790836, 0.14400210167587077], [0.022207367821443537], [0.03543281274746326], [0.021674411571570018], [0.0062841798328766045], [0.11034071375454667], [0.024036998238915166, 0.02783120806323409]]","[2, 2, 1, 1, 1, 1, 1, 1]",93375.4318111538,8.36461824051318
"Case: 0012",277.064757108688,158122.67438593,19811.1605140933,6311.51387183709,110000,22000,"[[1, 2, 3, 4, 5, 6, 7, 8, 9, 10, 11, 12, 13, 14, 15, 16, 17, 18, 19, 20]]","[[1, 3, 2, 2, 3, 1, 2, 1, 1, 2, 2, 1, 3, 2, 3, 1, 1, 1, 2, 3]]","[[0.004745347888352906, 0.0039992994876252245, 0.00948071387533879, 0.023153589929737765, 0.00930929330630051, 0.012363703694320754, 0.006701495662218716, 0.0032337373035566633, 0.024167330547957583, 0.0018319991173491228, 0.008498816578332938, 0.02585671153582327, 0.01482527499575704, 0.009545758809830674, 0.01839176821800679, 0.0010324849146863655, 0.015010266061022008, 0.0031893781951548733, 0.023548574060581893, 0.008344963257924809]]","[11]",18160.1990212209,12.9750484720277
"Case: 0013",11.8167114257812,706905.28199229,62738.4313206821,22166.8506716082,600000,22000,"[[3], [1, 4, 5, 9], [2, 6, 7, 8, 10]]","[[1], [4, 12, 50, 3], [3, 5, 3, 5, 6]]","[[0.005579525814198631], [0.008806900673697497, 0.08812762908606073, 0.49879381486780244, 0.004200045970050876], [0.004937656996285927, 0.004002581683428136, 0.01958441758942672, 0.03405848195189844, 0.027537644143032662]]","[1, 4, 1]",108812.377435938,18.1932232613013
"Case: 0014",32.5869038105011,156440.089379781,27790.2113937595,8649.87798602164,90000,30000,"[[1, 11, 12], [2, 4, 5, 7], [8, 10], [13], [6, 9, 14, 16, 17, 18], [3, 15, 19], [20]]","[[3, 1, 7], [2, 6, 4, 4], [6, 3], [1], [2, 2, 1, 2, 1, 2], [1, 2, 1], [0]]","[[0.013414630853624454, 0.011255874845456667, 0.01911198684099851], [0.008020573159111876, 0.056680423040559993, 0.05576855798660204, 0.004938306486501025], [0.06831512436681524, 0.017602929662271994], [0.0019201473639407064], [0.0036243063841921736, 0.01718263998253295, 0.020972304973772282, 0.013012074020432744, 0.011150215859261414, 0.004943987971555875], [0.0035953446766595312, 0.0031229534876114724, 0.00948802675930085], [0.0038640224692507177]]","[1, 2, 1, 1, 2, 1, 1]",10577.2908040483,7.25153425501877
"Case: 0015",3240.57882356643,205340.770659744,32353.1279419367,8987.64271780754,140000,24000,"[[1], [3], [4], [5], [6], [7], [2, 8, 9], [10]]","[[1], [0], [11], [30], [2], [4], [5, 10, 4], [6]]","[[0.018345283893548774], [0.004249832049002181], [0.05205259372755688], [0.01948086855855551], [0.004520657974967945], [0.05140396369692881], [0.01884550189021893, 0.039750593976196756, 0.015732704523094526], [0.054067918751524065]]","[1, 1, 1, 2, 1, 1, 5, 2]",28215.0604536703,15.9293986292808
"Case: 0016",164.135995864868,1310080.4527096,75721.8843993069,34358.5683102987,1000000,200000,"[[1, 2, 3, 4, 5, 6, 7, 8, 9, 10, 11, 12, 13, 14, 15, 16, 17, 18, 19, 20]]","[[4, 19, 4, 2, 28, 4, 3, 2, 3, 16, 3, 5, 5, 7, 4, 10, 10, 8, 2, 4]]","[[0.03939996317422047, 0.05160670360495877, 0.003934826149561013, 0.005074894093965277, 0.3728978494081774, 0.06422630830122021, 0.0020116864487124695, 0.015345704956172653, 0.04115330807179368, 0.11366845484573727, 0.01830038105584032, 0.047524615945333144, 0.01088068016417938, 0.037584659745279726, 0.007301724346254973, 0.08550522410994671, 0.06753769481216733, 0.16861204392484114, 0.02803324180773266, 0.008042282114990352]]","[10]",161819.249419036,14.0925469706118
"Case: 0017",5.53116559982299,480494.262097543,29829.849685539,10664.4124120046,400000,40000,"[[1, 2, 3, 4, 5, 6, 7, 8, 9, 10]]","[[2, 4, 8, 4, 7, 12, 2, 5, 21, 13]]","[[0.015532223465425309, 0.11206067628149075, 0.012908438918678999, 0.004873140110581228, 0.06542302909284173, 0.011420884754536344, 0.007998227455814612, 0.010794074929283243, 0.09091051727075401, 0.13688563925055283]]","[4]",23015.3936660828,5.03091951437993
"Case: 0018",15.480529308319,107414.75922307,15415.5193187364,4999.23990433426,60000,27000,"[[2, 13, 18], [8], [1, 3, 9, 10, 11, 14, 15], [4, 12, 16], [5, 6, 7, 17, 19, 20]]","[[2, 2, 2], [1], [0, 4, 2, 2, 2, 5, 2], [2, 3, 4], [10, 1, 4, 7, 5, 3]]","[[0.014416384912557614, 0.007617348377352787, 0.01959779456670213], [0.002531318927823881], [0.056098502445503906, 0.004972309211160542, 0.003839659616052334, 0.010314354496433137, 0.014087204287461677, 0.004220214085261365, 0.004507280510940322], [0.025726311130971027, 0.018276123615701394, 0.017217042766623357], [0.018637198471498494, 0.029691446330044072, 0.04060478914499051, 0.03137082573015124, 0.024162324705829248, 0.017826515585814683]]","[1, 1, 2, 1, 1]",6064.99072248984,5.9842176378085
"Case: 0019",67.0973889827728,166699.427901143,19191.5811681922,4507.8467329508,130000,13000,"[[1], [2], [3], [4], [5], [6], [7], [8], [9], [10]]","[[26], [1], [1], [5], [17], [7], [1], [12], [5], [5]]","[[0.030766834614041588], [0.0016561033889275656], [0.014779921701924457], [0.020511782317742575], [0.01690753333317746], [0.015439520819735217], [0.008096356758394289], [0.016126819399587197], [0.0149898255181476], [0.020576348527152233]]","[1, 1, 1, 1, 3, 1, 1, 2, 1, 1]",14148.0462437074,9.27428259907721
"Case: 0020",35.6633050441741,955107.262529887,33881.8676632765,11225.3948666107,800000,110000,"[[2, 3, 4, 5, 6, 7, 8, 10, 11, 13, 15, 16, 17, 18, 19], [1, 9, 12, 14, 20]]","[[4, 15, 2, 3, 9, 4, 7, 4, 1, 7, 8, 4, 12, 9, 2], [1, 1, 1, 1, 1]]","[[0.0042097018818847, 0.017254299010563048, 0.011006150432515783, 0.012683377798183426, 0.03404881565159926, 0.0028929687154275654, 0.019102950826419485, 0.027905757673579955, 0.01402034663474285, 0.026376947453461724, 0.06348645355096187, 0.010711258114274765, 0.04954744817460177, 0.022263993611630877, 0.03861497372071823], [0.026571351175628394, 0.03494633392351913, 0.010047568928656032, 0.0028327872796892833, 0.02659143528344937]]","[7, 1]",-43051.7542502421,-4.31311579883522
"Case: 0021",10.0399386882781,80791.9782649098,9574.47403440248,5217.50423050738,60000,6000,"[[1, 2, 3, 4, 5, 6, 7, 8, 9, 10]]","[[2, 1, 0, 17, 3, 5, 2, 1, 10, 4]]","[[0.01248295590393695, 0.010241004583405225, 0.02760628859219721, 0.05280465117613992, 0.004728787370013617, 0.0029292365253057906, 0.016864982065966184, 0.012299808762091828, 0.07343626137034337, 0.16162525223062366]]","[6]",12227.2205703019,17.8330982000444
"Case: 0022",26.4380729198455,1008869.29357421,66407.8608083813,22461.4327658322,600000,320000,"[[1, 2, 3, 5, 9, 11, 18], [4, 7, 10, 14, 17], [8, 13, 16], [6, 12, 15, 19, 20]]","[[123, 29, 11, 33, 19, 8, 4], [27, 2, 1, 12, 3], [1, 1, 4], [1, 1, 1, 4, 2]]","[[0.07453288888382376, 0.1350949640248557, 0.07267464223429627, 0.12928196624527516, 0.08954225087490551, 0.07068592359909469, 0.06329001901139722], [0.1632499618136482, 0.04760637011871032, 0.03090627015512163, 0.28077956257356945, 0.0067890221089260345], [0.012114394026423204, 0.019230986925297584, 0.010568586697397667], [0.03944569358377871, 0.00945641292762691, 0.03589272121179979, 0.02314158257907796, 0.021338629970729297]]","[2, 2, 1, 1]",99396.7373873972,10.9290529671551
"Case: 0023",34.9426054954528,1401869.18564045,41234.4818286041,10634.7038118486,1100000,250000,"[[1, 10], [2, 3], [4, 5, 7], [6, 9], [8]]","[[19, 10], [2, 5], [21, 132, 38], [1, 2], [0]]","[[0.05438168155182908, 0.030452916190695574], [0.049255753430350505, 0.026525970343638863], [0.15461163941502942, 0.358061365797574, 0.18281745430156723], [0.04837661409422269, 0.043537882160844324], [0.0016819218491644758]]","[3, 2, 4, 1, 1]",214157.384884466,18.0310900967855
"Case: 0024",261.207914113998,159469.393787157,15605.2635644969,11864.1302226607,110000,22000,"[[1, 2, 3, 4, 5, 6, 7, 8, 9, 10, 11, 12, 13, 14, 15, 16, 17, 18, 19, 20]]","[[3, 1, 5, 3, 5, 4, 5, 3, 3, 1, 3, 3, 2, 2, 4, 2, 1, 4, 2, 1]]","[[0.021255697650042673, 0.03176967047627141, 0.04879102524539939, 0.027458771929467465, 0.0022225900565191383, 0.0045947314754675485, 0.015030277601616193, 0.010071754617296114, 0.004983044137474722, 0.042220135560463834, 0.016247321260859683, 0.06494645769497485, 0.010717186317134912, 0.08250859695870263, 0.008464096330039222, 0.10228420177719444, 0.016773534731620313, 0.05763093467076503, 0.011007519776845009, 0.027447266002897822]]","[11]",19788.5703972746,14.1669915146762
"Case: 0025",9.27612519264221,103905.728114541,9343.29303798696,2562.43507655411,80000,12000,"[[1, 10], [2], [3], [4], [5, 9], [6, 7], [8]]","[[4, 3], [4], [0], [2], [10, 3], [8, 3], [3]]","[[0.0077883417565329524, 0.017000322835965743], [0.012750707112096835], [0.02078770341260637], [0.021654992848936575], [0.029065575978739135, 0.027695130674044752], [0.02236862241178678, 0.01432228462988528], [0.007224743470865947]]","[2, 1, 1, 1, 1, 1, 1]",23562.7636518047,29.3277249717781
"Case: 0026",21.5760288238525,539858.718908442,41844.6860974474,18014.0328109947,400000,80000,"[[1, 2, 3, 4, 5, 6, 7, 8, 9, 10, 11, 12, 13, 14, 15, 16, 17, 18, 19, 20]]","[[8, 3, 12, 9, 6, 13, 4, 15, 7, 3, 7, 4, 2, 5, 7, 4, 3, 5, 1, 4]]","[[0.1649976544837522, 0.00962068184263237, 0.0335553769386885, 0.06389493152174952, 0.03250094604361428, 0.02741641484619963, 0.028315366426854477, 0.07112960526918227, 0.024928335582758365, 0.015834708378723496, 0.030910963097476374, 0.01975796311571315, 0.01304135869609332, 0.027996576656620892, 0.028054926263667918, 0.07147727152256725, 0.08819917782271165, 0.027816108616815643, 0.037503187099650975, 0.08883060954178447]]","[4]",-21623.4566058823,-3.85113856661167
"Case: 0027",19.9330558776855,935458.476713932,88903.3020225279,20555.1746914045,800000,26000,"[[1, 3, 10], [5, 6], [2, 4, 7, 8], [9]]","[[3, 6, 7], [17, 12], [9, 62, 60, 107], [1]]","[[0.01862509337364405, 0.03781802739874389, 0.02462998853535716], [0.04772712109611514, 0.05530865552029242], [0.023557575554000183, 0.05183691275504139, 0.17850916812383952, 0.19812338968996823], [0.013380186598534802]]","[1, 1, 5, 1]",-35820.3034136333,-3.68795284593047
"Case: 0028",98.5763037204742,221521.837370583,25684.3149895172,6837.52238106639,160000,29000,"[[1, 11], [2], [3], [4, 9, 20], [5], [6, 8], [10], [12, 13, 14], [15], [16], [17], [18], [7, 19]]","[[16, 7], [7], [1], [9, 9, 3], [0], [2, 4], [0], [5, 3, 8], [1], [0], [3], [3], [3, 6]]","[[0.03323192402345564, 0.022460620871571035], [0.015545668657947872], [0.006696053200711359], [0.011963700227749695, 0.00870009584086385, 0.008268009837005161], [0.003440277822968053], [0.01727208580015369, 0.008616908206923757], [0.02323693578655758], [0.013121432833296656, 0.006165328714426073, 0.028646095419360237], [0.0015470496284672678], [0.029540846565588988], [0.004906923158655242], [0.0057543575879356375], [0.020644722567815462, 0.010395505080893581]]","[1, 1, 1, 3, 1, 1, 1, 2, 1, 1, 1, 1, 1]",31200.1429203698,16.3933717648418
"Case: 0029",16.7655758857727,991624.844313503,31679.3055835397,9945.53872996312,700000,250000,"[[1, 3, 6, 8, 9], [2], [5], [4, 7, 10]]","[[5, 13, 2, 48, 3], [1], [0], [9, 11, 10]]","[[0.019162096045825562, 0.037883858332541494, 0.01135831803229931, 0.18228593923741512, 0.010669063940140694], [0.020665041567507998], [0.008861067070896924], [0.03208891030386329, 0.05290675528768933, 0.05392668065561317]]","[4, 1, 1, 1]",310368.04464169,45.5581573337992
"Case: 0030",52.7108376026153,93520.6882933462,14651.5305168441,6869.15777650208,60000,12000,"[[1, 2, 3, 4, 5, 6, 7, 8, 9, 10, 11, 12, 13, 14, 15, 16, 17, 18, 19, 20]]","[[1, 1, 1, 3, 1, 3, 2, 1, 0, 2, 1, 5, 2, 1, 1, 2, 1, 3, 4, 2]]","[[0.017218288944566038, 0.018315516809826786, 0.0077258007753582035, 0.0026509151182574696, 0.010412537562150244, 0.00487331827078896, 0.03328825344146791, 0.01937406800932531, 0.021611482294991227, 0.002358177027028561, 0.0095071743805669, 0.013621361147198412, 0.06268536459991615, 0.002117121588904518, 0.014326269452766847, 0.00472799454676619, 0.005511549639255572, 0.005481741568724853, 0.004591500455298133, 0.01530838213989547]]","[6]",4691.62128968803,5.28162846683374
"Case: 0031",108.670506000518,165261.964109571,16637.1030321768,10324.8610773942,130000,8300,"[[1, 2, 3, 4, 5, 6, 9], [7, 8, 10]]","[[6, 6, 2, 3, 2, 17, 4], [2, 2, 2]]","[[0.0025167840418359256, 0.003573539966694484, 0.026548000020421656, 0.11015989363091003, 0.03489032751542857, 0.056319209295707495, 0.028818532490730023], [0.016528249744623066, 0.021060745464258235, 0.012165925454617567]]","[11, 2]",26351.6187245271,18.9702348313104
"Case: 0032",115.526039123535,2139768.9779458,31783.4415167393,7985.53642906969,1800000,300000,"[[1], [2], [3], [4, 8], [5], [6], [9], [10, 19], [11, 12, 20], [13], [14], [15, 17], [16], [7, 18]]","[[1], [0], [7], [14, 6], [2], [2], [1], [2, 3], [1, 4, 20], [11], [2], [3, 5], [0], [2, 8]]","[[0.0023746522880315085], [0.003772110328367339], [0.017918731151579013], [0.024481053498413695, 0.020203100881162197], [0.00442823308210266], [0.019753914263016772], [0.007039538046640776], [0.006827326617995098, 0.009783488001121008], [0.010173176473957723, 0.010936049727782839, 0.021765863223626062], [0.03395749344602156], [0.011454894933426414], [0.014674408767567012, 0.009357190011138666], [0.014624007860982818], [0.014249144091679449, 0.023837337473645415]]","[1, 1, 1, 2, 1, 1, 1, 1, 3, 1, 1, 2, 1, 1]",628153.273617402,41.5550904782696
"Case: 0033",189.427720785141,159832.387889901,19387.144722038,8445.24316786376,110000,22000,"[[1, 2, 3, 4, 5, 6, 7, 8, 9, 10, 11, 12, 13, 14, 15, 16, 17, 18, 19, 20]]","[[3, 1, 4, 3, 1, 2, 5, 1, 4, 2, 3, 2, 4, 1, 3, 1, 4, 2, 6, 4]]","[[0.013655564545632087, 0.0053389275838566005, 0.006072076010460776, 0.022249969185736428, 0.005024954221910562, 0.007628587437221389, 0.0028041837313187716, 0.012156853626469417, 0.0028124216211136838, 0.03623778520437074, 0.008295364402293929, 0.09014445963272559, 0.005215951084469397, 0.01451999831100074, 0.01250451225439465, 0.02265737038087554, 0.006712991416482384, 0.03408893325012096, 0.01843066833885284, 0.00322890588852199]]","[11]",22239.1848514703,16.1629966890578
"Case: 0034",41.2264575958251,1456853.29288782,61582.0218256646,15271.2710621609,1000000,380000,"[[2, 4, 10], [6], [7], [1, 3, 5, 8, 9]]","[[17, 1, 9], [112], [1], [13, 4, 7, 3, 27]]","[[0.038144692049381375, 0.037818133703767444, 0.04501551980748499], [0.39361690073570427], [0.015094666903316685], [0.04729639114180463, 0.021154086432430788, 0.01862969515056205, 0.026109398842926988, 0.04999850549801001]]","[2, 1, 1, 6]",196941.572639056,15.6313787286756
"Case: 0035",24.6961469650268,1134902.04372718,26281.2869417098,8620.75678547701,600000,500000,"[[2, 5, 6, 11, 12, 13, 16], [14, 15, 19], [1, 3, 4, 7, 8, 9, 10, 17, 18, 20]]","[[2, 3, 2, 0, 2, 2, 1], [1, 0, 1], [2, 11, 10, 4, 7, 0, 4, 3, 7, 7]]","[[0.00551848077825427, 0.016062482537058144, 0.0046353270096257, 0.018738580968802727, 0.01533375600054606, 0.014752198040604438, 0.00873716660304636], [0.0020767948735579155, 0.013859562346741537, 0.0014710759699175543], [0.015907533988616378, 0.03673364461188526, 0.01112474548197303, 0.017843040861619235, 0.020264077599725885, 0.017873695011450627, 0.012042097670423517, 0.037920799419407944, 0.025088111845111536, 0.026411872098603812]]","[1, 1, 4]",253351.252905934,28.7392689727965
"Case: 0036",8.4809398651123,74453.2817851328,15077.6538633822,4375.62792175058,50000,5000,"[[1, 2, 3, 4, 5, 6, 7, 8, 9, 10]]","[[2, 5, 5, 4, 1, 5, 3, 1, 7, 8]]","[[0.017122975333007554, 0.04770401602342529, 0.012187957809664984, 0.021926612411830786, 0.002202704462756658, 0.03893544081366728, 0.01690828854557747, 0.024825823333169027, 0.010757423395761793, 0.028956877099244882]]","[5]",3484.31076941284,4.9096256005192
"Case: 0037",49.1875252723693,969632.018539659,100018.036155874,29613.9823837849,700000,140000,"[[1, 2, 3, 4, 5, 6, 7, 8, 9, 10, 11, 12, 13, 14, 15, 16, 17, 18, 19, 20]]","[[16, 3, 11, 19, 1, 4, 11, 4, 8, 15, 7, 22, 10, 5, 15, 7, 6, 16, 33, 9]]","[[0.061797673471868, 0.012590907191723693, 0.010706308146427432, 0.08138252556355778, 0.017814485625171805, 0.0076705502199597006, 0.014390592279568468, 0.014603093563021594, 0.021210732723898864, 0.16377141595808936, 0.01599811317307221, 0.3212136021230777, 0.017382151929890483, 0.049300417818478624, 0.06446140479875251, 0.07462227354063111, 0.007181135823041834, 0.10467166133535381, 0.08080861870873284, 0.014826370285732098]]","[7]",-116063.521887248,-10.690245797787
"Case: 0038",38.6245410442352,158984.983581494,22931.9830162463,5053.00056524774,110000,21000,"[[1], [2, 3, 5], [6], [7], [8], [4, 9, 10]]","[[42], [4, 4, 5], [3], [1], [1], [4, 3, 9]]","[[0.0373090974004402], [0.011859909519081755, 0.015328827236154257, 0.014985865683559023], [0.012407911341737929], [0.012250298298636214], [0.010085934179512075], [0.009587752606026567, 0.00817071170129575, 0.01264186347273814]]","[3, 2, 1, 1, 1, 3]",6846.75938396007,4.50035447703815
"Case: 0039",25.7285118103027,145090.556092346,20237.4259705072,6853.13012183928,80000,38000,"[[1, 9], [2, 3, 4, 10, 11, 13, 14, 15, 20], [7], [6, 12, 16], [5, 8, 17, 18], [19]]","[[1, 1], [2, 2, 11, 6, 7, 1, 14, 1, 3], [0], [1, 1, 1], [3, 0, 1, 1], [1]]","[[0.0017192776298740758, 0.009011157669096263], [0.015808043725403034, 0.0033825720317689633, 0.014167531034890895, 0.021699045504203023, 0.010389689298938111, 0.008557505693035202, 0.021921922689239037, 0.024424842620766222, 0.01919496483799362], [0.0052555135224289454], [0.012211414526477385, 0.014066378437108281, 0.00979790184835226], [0.01088077236286717, 0.022531388882401013, 0.010074380045105363, 0.003768064161179708], [0.0021991279996164165]]","[1, 3, 1, 1, 1, 1]",25966.5994559015,21.797965908024
"Case: 0040",6.43898463249206,571442.29217372,98541.3257683194,32900.9664054011,400000,40000,"[[1, 2, 3, 4, 5, 6, 7, 8, 9, 10]]","[[8, 13, 13, 10, 3, 13, 14, 18, 13, 34]]","[[0.05770459325447892, 0.016453371946932256, 0.12794766756389314, 0.10130775961758931, 0.004797540726853099, 0.06359010367978554, 0.11394696891877686, 0.06139884078803917, 0.05503368002374833, 0.2716192383615905]]","[4]",77064.187255583,15.5881068536285
"Case: 0041",36.7591474056243,1573707.75399122,67030.7474622296,16677.0065289928,1000000,490000,"[[4], [7, 8], [3, 6, 9, 15, 17], [1, 2, 10, 12, 13, 14, 16], [5, 11, 18, 19, 20]]","[[1], [5, 12], [3, 60, 48, 23, 194], [25, 1, 0, 5, 3, 18, 8], [1, 1, 1, 1, 3]]","[[0.0041931903527656165], [0.04884779618411085, 0.043549068027729496], [0.010524552878624034, 0.21228178513408275, 0.11396417301524214, 0.06995854668390572, 0.1966330461039573], [0.02633085522673892, 0.05014528284734702, 0.016542173599020472, 0.043856033619692744, 0.028105782903206124, 0.053733066514932294, 0.03600391385369937], [0.028988078918803045, 0.010219568500717768, 0.012436188804009856, 0.0128832380995695, 0.027083910584276852]]","[1, 1, 4, 3, 1]",23620.4908579099,1.52381684694085
"Case: 0042",74.0849964618682,151630.276334802,23594.6112543713,6435.6650804309,120000,1600,"[[1, 2], [3], [4], [5], [6], [7, 8], [9, 10]]","[[7, 30], [2], [40], [32], [0], [1, 2], [2, 8]]","[[0.04366250121047181, 0.04949566339390217], [0.024152060918890043], [0.015303555940353798], [0.02288602244443157], [0.030705770157784452], [0.009663266838274537, 0.004849982474188315], [0.009953047190135952, 0.024610850033649254]]","[2, 1, 3, 3, 1, 1, 1]",25479.2716734295,20.1974385711977
"Case: 0043",29.5675587654113,85443.2487840559,8071.54283055797,5371.705953498,60000,12000,"[[1, 2, 3, 4, 5, 6, 7, 8, 9, 10, 11, 12, 13, 14, 15, 16, 17, 18, 19, 20]]","[[4, 2, 2, 1, 0, 3, 1, 1, 3, 2, 1, 2, 4, 2, 3, 3, 1, 0, 1, 2]]","[[0.016860881475670768, 0.012914012521631898, 0.005111065383726864, 0.01227572718214687, 0.03679959876031808, 0.004330265973255699, 0.01411923491831127, 0.028450512603968414, 0.008809542969425458, 0.04805212247270948, 0.030024465306745206, 0.0034287637836330175, 0.0015082392060131896, 0.0009338974489538377, 0.016811621265092534, 0.0014181730049632273, 0.029479200503900783, 0.03806310762759209, 0.01840479485893853, 0.0044562776000193465]]","[6]",6586.70431546996,8.35276813086059
"Case: 0044",6.35979485511779,886432.661380694,36340.5401126457,10092.1212680488,500000,340000,"[[1, 3, 4, 5, 6, 8, 9, 10], [2, 7]]","[[39, 3, 14, 3, 23, 16, 26, 11], [0, 3]]","[[0.08485012715025653, 0.023452693822533677, 0.038955976831855386, 0.010136407816733275, 0.1681061998560623, 0.02242675649266125, 0.18024292414957135, 0.02930980040642289], [0.044861950431820216, 0.007811631135114829]]","[4, 1]",189565.376950456,27.2025077350914
"Case: 0045",76.4809646606445,181715.158226899,16485.4098572216,6229.74836967741,120000,39000,"[[3, 8, 13], [4], [11, 12], [1, 2, 10, 14, 15], [6, 16, 17], [18], [5, 7, 9, 19, 20]]","[[14, 3, 4], [0], [13, 3], [3, 2, 4, 4, 4], [2, 5, 3], [0], [1, 2, 0, 2, 2]]","[[0.005555884656457589, 0.028767918720593363, 0.004773741346533921], [0.028122788059234318], [0.01762572786271025, 0.03641277319006801], [0.005765098075697873, 0.022667559521643975, 0.012497012549520584, 0.015793621224135586, 0.005769562177107792], [0.01329760079036356, 0.0071514352183216345, 0.010170869024723299], [0.01806453716049865], [0.011849778646548362, 0.017470378649438494, 0.026122963687975686, 0.017278391724083488, 0.00944490878595727]]","[3, 1, 1, 3, 2, 1, 1]",-928.908906324766,-0.508589696290109
"Case: 0046",12.9138705730438,876343.339687025,81411.2668494968,24932.0728375285,700000,70000,"[[1, 2, 3, 4, 5, 6, 7, 8, 9, 10]]","[[47, 5, 8, 20, 5, 87, 9, 11, 13, 27]]","[[0.3415085163351266, 0.04825379485681588, 0.006899497701054226, 0.3102424871326455, 0.08270841814738042, 0.057281122020079574, 0.11294169019562607, 0.018316964176152892, 0.13663983830670412, 0.03423639439432284]]","[7]",-72430.7486311092,-7.63414067931652
"Case: 0047",15.8427145481109,526075.083976084,32215.0701806145,13860.01379547,400000,80000,"[[1, 2, 3, 4, 5, 6, 7, 8, 9, 10, 11, 12, 13, 14, 15, 16, 17, 18, 19, 20]]","[[5, 5, 3, 1, 5, 1, 7, 3, 3, 4, 1, 2, 1, 1, 3, 7, 14, 15, 9, 9]]","[[0.03581435554274861, 0.0647398642570878, 0.007194990620183108, 0.01311451017470306, 0.005969441701386204, 0.07052748090756397, 0.017323849608355566, 0.03439369186754776, 0.018905392535835383, 0.047300786828482815, 0.004709691797465669, 0.0431328183504917, 0.01182087160084478, 0.010977550393414958, 0.061095758337608566, 0.04281498116361618, 0.05270073906847606, 0.10989372475704912, 0.10490526418665078, 0.01723038045604755]]","[4]",-30691.9630214549,-5.51253224970238
"Case: 0048",6.61313152313232,96765.7424324949,7692.37112858787,3073.37130390704,70000,16000,"[[2], [1, 4, 6, 9], [7], [8], [3, 5, 10]]","[[0], [2, 3, 0, 4], [1], [10], [13, 3, 5]]","[[0.016579040684287543], [0.019416793373598713, 0.009548021806598826, 0.022288846592253893, 0.016916593335891482], [0.00264246483198698], [0.009192397910981654], [0.009447679841024003, 0.009766896354937455, 0.0071925560778124]]","[1, 1, 1, 1, 3]",14942.9322873337,18.2625508227151
"Case: 0049",123.348994493484,244868.682514603,31000.3130833674,8868.36943123586,140000,65000,"[[2], [9], [1, 3, 6, 8, 11, 15, 16], [10, 12, 17], [5, 13, 18], [4, 7, 14, 19], [20]]","[[1], [2], [6, 3, 4, 5, 2, 12, 4], [2, 4, 3], [4, 2, 5], [1, 2, 1, 2], [1]]","[[0.0028147491468744896], [0.0017600343148907794], [0.08080897934755327, 0.00640458622734512, 0.027042763185196637, 0.024137721839949985, 0.03164642084044081, 0.01524961556827133, 0.027520896308574908], [0.030164464258360255, 0.032612127137604835, 0.029932943507576328], [0.01063621355310694, 0.029840581841750362, 0.010711400778865409], [0.0050268937581339984, 0.002560436303514106, 0.009204564087610632, 0.027370884428032944], [0.0017882629003085442]]","[1, 1, 7, 1, 2, 1, 1]",29135.9132163932,13.5055575057854
"Case: 0050",948.039438009262,1320410.71850621,72246.6599361074,18164.0585701063,1200000,30000,"[[1, 2, 3, 9], [4], [5], [6, 10], [7, 8]]","[[5, 7, 9, 6], [0], [2], [12, 15], [79, 10]]","[[0.0188378493375207, 0.041684442083534876, 0.06829108399724827, 0.03126177079377295], [0.0016316888150724827], [0.0059709180081776855], [0.05959050264879357, 0.02129315969110443], [0.21717667487463987, 0.05757520562727157]]","[4, 1, 1, 1, 5]",322519.801761897,32.3201460550557
"Case: 0051",22.3692281246185,643473.049868787,30139.4196726422,13333.6301961447,500000,100000,"[[1, 2, 3, 4, 5, 6, 7, 8, 9, 10, 11, 12, 13, 14, 15, 16, 17, 18, 19, 20]]","[[4, 2, 1, 2, 2, 6, 4, 1, 6, 8, 2, 2, 1, 3, 8, 3, 2, 4, 3, 1]]","[[0.03062378168694518, 0.009903079517344773, 0.04707333041221729, 0.019139370744457797, 0.013192732506830328, 0.03218808845806137, 0.040767616233367096, 0.023296018363186753, 0.017200752521172265, 0.033480102850710326, 0.006613554487723369, 0.038296685030043284, 0.03083573376085692, 0.03705292488507578, 0.013476159164044894, 0.003721201833859174, 0.03754498611888206, 0.08714126205805106, 0.010689655111534777, 0.005107915926431561]]","[5]",56646.14712763,9.65295675147601
"Case: 0052",18.928418636322,135981.318396867,34336.9077903128,10644.4106065548,70000,21000,"[[1], [2, 7, 10], [6], [3, 4, 5, 8, 9]]","[[1], [3, 7, 9], [1], [5, 6, 1, 3, 14]]","[[0.011324553850136181], [0.027693023189855268, 0.04788989747398416, 0.10398019696852491], [0.0019979363832970712], [0.053621507543116814, 0.04339664343146079, 0.007504479374665733, 0.02752844262892156, 0.03700862518337571]]","[1, 3, 1, 2]",22458.7010657767,19.7834595376492
"Case: 0053",35.9728019237518,1621547.82329937,63025.2813595211,18522.5419398532,1200000,340000,"[[1], [2, 6, 9], [5, 11, 16, 19], [7], [8], [10], [13], [4, 12, 15, 18, 20], [3, 14, 17]]","[[3], [3, 1, 6], [8, 2, 26, 4], [3], [1], [0], [1], [9, 34, 17, 4, 5], [6, 4, 4]]","[[0.010140690575202935], [0.057816211386795206, 0.008484627218140113, 0.06305272661068866], [0.055502414513842524, 0.0058920209649461095, 0.02443481872118059, 0.048099915619635475], [0.005463365457495632], [0.0007169399384850809], [0.008114878378085236], [0.0004880811508638627], [0.11004510722899483, 0.12383812863441873, 0.15719733508924136, 0.06539567696028013, 0.02174435597055399], [0.013747140552338676, 0.01489362675709212, 0.016005411292964605]]","[1, 1, 2, 1, 1, 1, 1, 3, 1]",205151.482419001,14.4840449313423
"Case: 0054",54.5311198234558,139788.23022941,11804.0077831891,6984.22244622168,110000,11000,"[[1, 2, 3, 4, 5, 6, 7, 8, 9, 10]]","[[2, 4, 0, 4, 2, 6, 2, 2, 3, 1]]","[[0.008777706024248804, 0.015176599102471105, 0.04375175167803755, 0.06783651477459027, 0.013792215175903422, 0.022251614426016645, 0.007536245769043976, 0.05874933344600056, 0.061999463733458805, 0.05367213175668276]]","[11]",17862.0986182336,14.6499346630597
"Case: 0055",27.8340334892272,96342.351734672,17503.6259796813,6838.72575499073,60000,12000,"[[1, 2, 3, 4, 5, 6, 7, 8, 9, 10, 11, 12, 13, 14, 15, 16, 17, 18, 19, 20]]","[[1, 1, 2, 2, 1, 2, 1, 1, 1, 1, 2, 1, 2, 2, 1, 1, 1, 1, 0, 2]]","[[0.01927626278157108, 0.0013940252643409312, 0.01550343127263672, 0.006246989842687807, 0.01156521392762964, 0.002798848800942182, 0.00789668118004847, 0.002924332657645041, 0.011782912212000176, 0.01919733343534853, 0.002535217594471722, 0.009893306340722292, 0.009114644500654693, 0.004369704092895054, 0.002592174810840289, 0.031661891774580744, 0.011674998148937361, 0.0112324770423358, 0.02347123784550682, 0.0020725463235637064]]","[6]",6819.86743982523,7.61804980452022
"Case: 0056",5.8862121105194,864561.307614112,111781.39300306,32779.9146110519,500000,220000,"[[3, 4, 9], [7], [1, 2, 5, 6, 8, 10]]","[[2, 2, 3], [1], [21, 5, 36, 29, 46, 16]]","[[0.005454499528911713, 0.003044174704317981, 0.03861386894680635], [0.005983460127105394], [0.10968236511083637, 0.012768678648679189, 0.19305729374898437, 0.02100713572029753, 0.3190625399408918, 0.1303348614250217]]","[1, 1, 3]",142236.541816993,19.6914945398596
"Case: 0057",46.4755568504333,1130105.21274879,77611.0114499416,20494.2012988499,900000,132000,"[[1, 2, 3, 4, 6, 8, 9, 10, 11, 13, 14, 15, 16, 17, 18, 19], [5, 7, 12, 20]]","[[4, 6, 12, 5, 7, 10, 37, 3, 14, 7, 16, 12, 28, 3, 33, 17], [3, 2, 2, 1]]","[[0.02348088382800697, 0.05572916894108656, 0.1117803608885535, 0.026083461793498956, 0.024229975033198247, 0.06559968762923658, 0.012429459109943763, 0.0007538972497586064, 0.010556721969005974, 0.020948222093431303, 0.05603934489759093, 0.008274707639419407, 0.05110259312620346, 0.014076166857949407, 0.021441264295920578, 0.14394099203391755], [0.02035020747318674, 0.04790098827128183, 0.0016114106535401675, 0.012045389643508217]]","[8, 1]",16223.6495954922,1.45649682445273
"Case: 0058",30.9653306007385,176571.393371014,33828.4803830975,8742.91298791671,110000,24000,"[[1, 6], [3, 5], [4, 7, 9], [2, 8], [10]]","[[18, 8], [20, 4], [5, 6, 3], [4, 5], [4]]","[[0.04657923423943605, 0.08532323803570678], [0.03977811164007462, 0.03282986874687094], [0.04909325008704674, 0.02108761620287073, 0.01822455618125379], [0.02934984351984654, 0.0765589861110981], [0.004360815865546848]]","[2, 4, 3, 1, 1]",5251.32388055409,3.0652123222764
"Case: 0059",23.6799798011779,163223.96390609,28508.9628411257,8715.00106496504,70000,56000,"[[5, 6], [7, 14], [1, 2, 4, 8, 9, 10, 11, 12, 16, 17, 18, 20], [3, 13, 15, 19]]","[[1, 1], [1, 1], [4, 2, 1, 4, 7, 3, 4, 18, 4, 7, 1, 6], [1, 1, 3, 1]]","[[0.001377801653870524, 0.005003937755987909], [0.00023878195647830894, 0.005539330373782235], [0.007556808754947445, 0.00106449779122793, 0.007455030469347835, 0.03917166726144509, 0.07725487922889696, 0.0027818206983084154, 0.007105692594808039, 0.0018829613553621295, 0.004683221962158937, 0.035050831799793875, 0.011056101696505656, 0.019905364936472256], [0.03245093507095963, 0.024063093167073522, 0.00625113932856464, 0.001255364489239037]]","[1, 1, 4, 1]",33579.1311967785,25.900863532347
"Case: 0060",11.2447206974029,582079.938812275,24629.5656535815,7450.37315869344,500000,50000,"[[1, 2, 3, 4, 5, 6, 7, 8, 9, 10]]","[[2, 5, 4, 5, 5, 7, 12, 7, 5, 7]]","[[0.0168352140269599, 0.033568185262542495, 0.05466708558938041, 0.05906001328283012, 0.014680826234599494, 0.002840696083459467, 0.06500426282554261, 0.05009302879395336, 0.011722712246212703, 0.013989266393953228]]","[5]",30290.5016089594,5.48950370679139
"Case: 0061",133.397593021392,147197.635165197,18322.2452182594,8875.38994693853,100000,20000,"[[1, 2, 3, 4, 5, 6, 7, 8, 9, 10, 11, 12, 13, 14, 15, 16, 17, 18, 19, 20]]","[[3, 1, 3, 1, 1, 2, 3, 4, 2, 1, 1, 3, 2, 3, 3, 2, 1, 2, 3, 1]]","[[0.009272071706407745, 0.006616568340683383, 0.002594324889361082, 0.023479611757115822, 0.01503940599602391, 0.005322580949260796, 0.022358474909434736, 0.033534401220273256, 0.10771484497461581, 0.01688872763562822, 0.0028680779704684796, 0.022079261896910035, 0.0019468667832173397, 0.04344964266089575, 0.0026916596457967038, 0.0037116564428894055, 0.008599513981892452, 0.003993437870390618, 0.015786337184727085, 0.0011639017052429246]]","[10]",12170.5163134136,9.01338665662626
"Case: 0062",10.5522992610931,1126245.86668241,28772.9610603378,7472.90562207402,900000,190000,"[[1], [2, 4], [3, 5, 10], [6, 7, 9], [8]]","[[5], [15, 38], [6, 6, 12], [3, 11, 4], [0]]","[[0.026026346711876824], [0.06705887329760479, 0.05328309849020603], [0.002970581807035885, 0.039500270173067994, 0.022075077512050595], [0.049165887579946124, 0.04443285296699443, 0.0274036752085109], [0.007638289824062546]]","[1, 4, 1, 2, 1]",-76202.9200321969,-6.33731106672762
"Case: 0063",17.7199876308441,1037425.58605684,28989.1773935075,8436.40866333533,800000,200000,"[[1, 2, 3, 19, 20], [5], [6, 11, 13], [7, 8, 10, 14], [9], [15], [4, 16], [12, 17, 18]]","[[4, 2, 2, 4, 4], [1], [2, 2, 2], [6, 7, 4, 4], [0], [1], [3, 36], [2, 3, 2]]","[[0.0231547321143295, 0.007939304866170626, 0.011519791156819302, 0.0025256782488610983, 0.01645014969134389], [0.004288213336547624], [0.010399712285484131, 0.006542809856716867, 0.003030052983418155], [0.023478803723059015, 0.051167140146218724, 0.026454240147211597, 0.06355850965257503], [0.013791210578625725], [0.00021596418269046827], [0.0069734700173442405, 0.03913579748932398], [0.01574509254682266, 0.038106009699016535, 0.020288014254651356]]","[1, 1, 1, 1, 1, 1, 1, 1]",227307.901382301,28.0586272442158
"Case: 0064",25.9442353248596,93944.857127781,9902.07147170505,7042.78565607596,70000,7000,"[[1, 2, 3, 4, 5, 6, 7, 8, 9, 10]]","[[1, 4, 1, 1, 2, 2, 4, 2, 2, 2]]","[[0.031100749497549336, 0.028563023011594947, 0.017254255456160612, 0.0401947898602871, 0.02896653736190012, 0.0007992243473160663, 0.0012982471069196702, 0.05374871472809661, 0.01837607687310457, 0.005194798217476354]]","[7]",21511.4742780337,29.6982874908055
"Case: 0065",8.6624321937561,110469.110777787,22057.5215749907,6411.58920279663,70000,12000,"[[1], [3, 5], [4], [2, 6], [9], [7, 8, 10]]","[[3], [7, 4], [0], [5, 5], [3], [4, 7, 5]]","[[0.0028658610396174638], [0.013570566262424744, 0.029699866066756314], [0.006062665068654528], [0.05287759892315334, 0.00876672774547687], [0.018491803139548662], [0.028879572373532066, 0.05395289152188905, 0.046933995894130456]]","[1, 2, 1, 1, 1, 1]",23029.1722120257,26.3371321958397
"Case: 0066",48.5204741954803,212085.374556228,24787.1511052468,7298.22345098211,100000,80000,"[[1], [3, 7, 8, 9, 13], [5, 10, 15], [2, 4, 6, 11, 12, 14, 16, 17, 18, 19, 20]]","[[0], [1, 1, 5, 1, 1], [1, 2, 1], [2, 3, 5, 6, 1, 13, 4, 3, 3, 2, 7]]","[[0.01605245186543553], [0.004487570403322552, 0.041537102006327306, 0.02278869541766139, 0.00214010636770484, 0.002822334960193583], [0.00285820336992932, 0.003852671573873191, 0.005663009085291473], [0.010222366279667496, 0.004592981057062675, 0.03084869395188193, 0.03596555042353192, 0.01847682118137438, 0.015962001399958996, 0.01374901098598623, 0.0009877573443507384, 0.048860471419308736, 0.005513247913160047, 0.021969414775442786]]","[1, 2, 1, 6]",23314.6944936505,12.3508028290842
"Case: 0067",8.13345575332641,78561.3455605368,18024.0193859125,5537.32617462435,50000,5000,"[[1, 2, 3, 4, 5, 6, 7, 8, 9, 10]]","[[4, 1, 4, 5, 4, 5, 5, 2, 3, 9]]","[[0.027858922607965197, 0.03620487632169209, 0.006146900360359073, 0.07332023752204739, 0.007438393147012878, 0.019195835915445717, 0.013493348334279271, 0.025647826856349042, 0.012460393218120676, 0.007588271784164993]]","[5]",1952.28650239607,2.54837551380761
"Case: 0068",121.64466881752,162724.931827322,31415.8754092049,11309.0564181171,100000,20000,"[[1, 2, 3, 4, 5, 6, 7, 8, 9, 10, 11, 12, 13, 14, 15, 16, 17, 18, 19, 20]]","[[1, 1, 2, 9, 1, 3, 5, 2, 2, 13, 2, 2, 1, 3, 6, 2, 4, 8, 2, 4]]","[[0.0034236698560720234, 0.033534318993511, 0.018248952022291084, 0.0006835897359746111, 0.01969404694412485, 0.05810698068269267, 0.030168930444780466, 0.023985397779573262, 0.012531126516891328, 0.006477360361642219, 0.0024026871526302445, 0.006081836382210982, 0.03096182240195203, 0.02981580785132924, 0.05857116416782238, 0.014457430694511934, 0.06614078062327862, 0.014500704970281955, 0.013300843697245698, 0.021387301614051904]]","[10]",10627.247635734,6.98711995006286
"Case: 0069",26.7959229946136,166555.807229637,26176.4023620463,8379.40486759084,70000,62000,"[[6, 8, 9, 15], [1, 2, 3, 4, 5, 7, 10, 11, 12, 13, 16, 17, 18, 19], [14], [20]]","[[0, 1, 1, 1], [6, 2, 2, 2, 3, 8, 4, 2, 2, 4, 3, 5, 3, 3], [0], [0]]","[[0.000920434175114264, 0.007621383125786379, 0.0007688695068790999, 0.004101055927230271], [0.007206112412993425, 0.009337551738886628, 0.020912415735948924, 0.007645876649632655, 0.016016303274164433, 0.034550498229628926, 0.022158952394374536, 0.004128088773813947, 0.004191435716829396, 0.010685890624812375, 0.005893099538828353, 0.044573209578160446, 0.04988744154715758, 0.0077167295985829595], [0.003991658863077408], [0.000484673735711937]]","[1, 4, 1, 1]",41505.1156978252,33.1906326861588
"Case: 0070",22.5527896881103,169655.798033304,37840.753220352,9815.04481295264,100000,22000,"[[1, 7], [2], [4, 9], [3, 5, 6], [8, 10]]","[[5, 6], [2], [7, 16], [4, 5, 4], [4, 10]]","[[0.04487537032284268, 0.0407619820958486], [0.0004968445983366966], [0.03003743649880046, 0.044797843486409854], [0.04716665706949309, 0.03354961251878189, 0.029995980486350125], [0.02148272701792635, 0.04058599556359181]]","[3, 1, 2, 3, 1]",11375.1854782781,7.18672065684829
"Case: 0071",31.2908153533935,97292.8943237358,18467.4357509469,6825.4585727889,60000,12000,"[[1, 2, 3, 4, 5, 6, 7, 8, 9, 10, 11, 12, 13, 14, 15, 16, 17, 18, 19, 20]]","[[3, 2, 1, 3, 1, 2, 1, 7, 2, 1, 1, 1, 2, 1, 1, 2, 2, 1, 2, 2]]","[[0.0037901012604945094, 0.025771460921972012, 0.013329056081953193, 0.0007127732892566269, 0.015314180681586688, 0.006436390652720735, 0.0029332163964936476, 0.02250877956930557, 0.010491591376219144, 0.014717891474326571, 0.0002780904918255137, 0.0008574323204667139, 0.016191132099640387, 0.028817384133495206, 0.0130919067274054, 0.011879640856400444, 0.012880419541972225, 0.03463975184266863, 0.01073426162480239, 0.038153486601594865]]","[6]",2545.82356909071,2.68696810235255
"Case: 0072",29.5330791473388,144388.721882966,25856.419105192,8532.30277777477,100000,10000,"[[1, 2, 3, 4, 5, 6, 7, 8, 9, 10]]","[[8, 2, 7, 2, 4, 11, 3, 4, 7, 4]]","[[0.09421759719154654, 0.0066660828464394535, 0.004918766852300983, 0.01296694758543111, 0.013628672307773978, 0.0336626962482556, 0.0035057398914231153, 0.05173063282976528, 0.006123235515495131, 0.05777692688420963]]","[10]",7064.51009355808,5.14440243384884
"Case: 0073",6.82208561897277,65830.770384169,7766.06225271632,3064.70813145273,50000,5000,"[[1, 2, 3, 4, 5, 6, 7, 8, 9, 10]]","[[4, 7, 2, 3, 4, 1, 2, 5, 1, 3]]","[[0.002686249404303797, 0.003883777862797279, 0.059762462747241035, 0.009676312227917795, 0.006322481741679459, 0.029131838871207367, 0.00518661726943067, 0.029482417189222065, 0.011954785026527467, 0.0048087182460909185]]","[5]",5040.4882185856,8.29160194528474
"Case: 0074",76.0537936687469,126180.341304804,13084.5592241626,5095.78208064157,90000,18000,"[[1, 2, 3, 4, 5, 6, 7, 8, 9, 10, 11, 12, 13, 14, 15, 16, 17, 18, 19, 20]]","[[2, 2, 1, 5, 3, 3, 2, 2, 1, 1, 1, 1, 4, 1, 2, 5, 1, 4, 3, 1]]","[[0.011652153523503865, 0.009277712368866447, 0.006269736628645526, 0.0044255507122011924, 0.0061231501975175795, 0.016425334398671918, 0.012578229585868026, 0.020161092214892876, 0.017039538833105532, 0.02509445188268242, 0.003343280886476707, 0.023224505445104817, 0.006033026923773019, 0.013944611410684413, 0.031004721529858066, 0.007184704799986957, 0.0221044166646685, 0.0018941511546875808, 0.0011962235460251794, 0.018820466235794957]]","[9]",1820.08752576804,1.46356047889865
"Case: 0075",44.126026391983,93850.4769912055,15314.9649267955,3535.51206440997,60000,15000,"[[2], [4, 5], [3, 6, 9], [1, 7, 8, 10]]","[[0], [15, 12], [16, 16, 5], [2, 3, 2, 5]]","[[0.00181578218415832], [0.014092368208941917, 0.027257573316090283], [0.04354407771107724, 0.027329739003740774, 0.017724975509575677], [0.021679871524740543, 0.03543456895748015, 0.013846023157569816, 0.013374741265772802]]","[1, 2, 2, 1]",6465.62057590457,7.39901722236216
"Case: 0076",64.0184931755065,208278.718818873,25289.7420291949,9988.97678967862,110000,63000,"[[1, 2, 5, 18], [8, 9, 19], [3, 4, 6, 7, 10, 11, 13, 14], [16, 20], [12, 15, 17]]","[[1, 6, 1, 13], [0, 2, 0], [5, 37, 2, 12, 4, 7, 16, 11], [10, 3], [1, 1, 6]]","[[0.021819733579548913, 0.036770134376801517, 0.029815611993195976, 0.057325432096470834], [0.06581155079659132, 0.024915109826078283, 0.03138608664804628], [0.032263652497373514, 0.030578317654115214, 0.016359442271188154, 0.04901233655986483, 0.03459732654512153, 0.055823482353793155, 0.036567903811675205, 0.07273188686964686], [0.02764599201534278, 0.05497445246357793], [0.008585245619294, 0.028729947821875285, 0.015724360193844544]]","[1, 1, 6, 1, 2]",19426.7889417615,10.2867833833642
"Case: 0077",25.1501033306121,77605.6527059036,11663.1877777059,5942.46492819772,50000,10000,"[[1, 2, 3, 4, 5, 6, 7, 8, 9, 10, 11, 12, 13, 14, 15, 16, 17, 18, 19, 20]]","[[3, 1, 1, 1, 1, 3, 1, 3, 0, 2, 2, 4, 2, 2, 4, 2, 1, 1, 1, 1]]","[[0.0023794573755838645, 0.015056327196586651, 0.014137778839808454, 0.0018567633389737334, 0.00907685015687141, 0.0026593078742259304, 0.015032183651543844, 0.02307290539811622, 0.06286225142603324, 0.010225351936221571, 0.02594799702628464, 0.03099441943459021, 0.01511150268954764, 0.0063637807109575865, 0.031003450177232997, 0.009639042688383833, 0.005881388346168892, 0.0058126318021235876, 0.006996069039036635, 0.01690166691015077]]","[5]",5216.43070248651,7.20608753363901
"Case: 0078",18.7946157455444,112985.489447162,18985.6787274443,5999.8107197178,80000,8000,"[[1, 2, 3, 4, 5, 6, 7, 8, 9, 10]]","[[3, 4, 9, 3, 4, 2, 3, 5, 8, 8]]","[[0.0506408622094403, 0.06176470174284661, 0.017706098470564056, 0.0075405388662017365, 0.030403847279714576, 0.02106086374015942, 0.011597294470345033, 0.005993706633199811, 0.01634319643005481, 0.03752324353599525]]","[8]",2206.51230801988,1.99181502213044
"Case: 0079",33.6300365924835,158932.928092088,31440.2008557449,11492.7272363434,80000,36000,"[[2], [4, 16], [11, 15], [3, 6, 8, 9, 10, 12, 13, 17], [1, 5, 7, 18], [14, 19, 20]]","[[1], [1, 1], [1, 0], [7, 2, 13, 1, 2, 1, 1, 4], [6, 5, 8, 11], [10, 6, 18]]","[[0.005166177878211479], [0.004087200529983401, 0.010240530205160255], [0.0024393638443089205, 0.035459572431676835], [0.029528319018336274, 0.01884217521512, 0.06356280798754178, 0.013381519026385768, 0.03407041647865619, 0.015239788052551207, 0.012125149444491815, 0.019075060755911935], [0.01823819146393924, 0.042922959788133916, 0.03443118945662198, 0.02443678140744538], [0.0274012606148461, 0.02409318775520585, 0.04378872782786919]]","[1, 1, 1, 3, 1, 1]",20302.5663176007,14.6451080829084
"Case: 0080",16.1881208419799,175133.655307289,19330.7183669197,5802.93694037011,100000,50000,"[[1, 2, 6, 9, 10], [3, 4, 5, 7, 8]]","[[7, 3, 2, 5, 2], [7, 13, 4, 11, 7]]","[[0.016256299654016503, 0.02217991074921058, 0.05208684865777334, 0.015295872560084101, 0.035425908792833194], [0.022146376621251497, 0.027584101213409196, 0.03889381739714695, 0.02679434163080362, 0.01632298249310053]]","[4, 6]",19321.0079135476,12.4001537979924
"Case: 0081",4.97678899765014,499782.736258452,44459.0300840532,15323.7061743993,400000,40000,"[[1, 2, 3, 4, 5, 6, 7, 8, 9, 10]]","[[4, 6, 10, 2, 9, 12, 1, 6, 7, 8]]","[[0.025085097779754126, 0.0042700536951200485, 0.09845899535589996, 0.005072834500381882, 0.04149276295157585, 0.04772825851438892, 0.008622034285671019, 0.04571709925205753, 0.06745795585809128, 0.0746740559176254]]","[4]",37611.0490122254,8.13789551591196
"Case: 0082",50.2301595211029,1028190.20658921,47289.996139,20900.2104502197,800000,160000,"[[1, 2, 3, 4, 5, 6, 7, 8, 9, 10, 11, 12, 13, 14, 15, 16, 17, 18, 19, 20]]","[[6, 7, 1, 5, 9, 2, 5, 6, 2, 10, 6, 4, 3, 2, 8, 2, 3, 4, 4, 12]]","[[0.013955373704162263, 0.05215278496490471, 0.030431362177224742, 0.021456990064363857, 0.15071018304463699, 0.01415664061882716, 0.005317274346550317, 0.1337287933572558, 0.048476228915364725, 0.012139327585381818, 0.035419820898228774, 0.00071320088366529, 0.012925636710693762, 0.028481779692194065, 0.023064234158987104, 0.007121036533801424, 0.0007593619978121492, 0.09838344761532902, 0.021545598686892195, 0.028390565868746144]]","[8]",-61607.7219318206,-5.65313259637299
"Case: 0083",11.3542730808258,999369.632566658,56320.0636499401,23049.5689167178,700000,220000,"[[1, 2, 4, 6], [5], [8], [3, 7, 9, 10]]","[[16, 8, 5, 2], [1], [1], [17, 19, 18, 25]]","[[0.30891449515891606, 0.15697033326369053, 0.023479132209356324, 0.010726361499508192], [0.019440906130355616], [0.0007744244598139765], [0.08809165173170816, 0.006046039708536768, 0.1030018554959199, 0.133432152183263]]","[3, 1, 1, 2]",285731.418174119,40.03869361415
"Case: 0084",91.2161085605621,1952184.9730763,40664.898751949,11520.0743243552,1400000,500000,"[[1, 10], [2, 15], [4], [6], [5, 8, 9, 16], [7, 14, 20], [3, 11, 12, 13, 17, 18], [19]]","[[2, 1], [8, 5], [1], [1], [2, 4, 3, 2], [7, 4, 1], [11, 14, 3, 6, 3, 17], [1]]","[[0.0033581993728778272, 0.00591156820490671], [0.053503510245326756, 0.002423099195131753], [0.0019983029969840855], [0.0001982763957749128], [0.003695329684182325, 0.027800309934741127, 0.01776315327905076, 0.016939158784529836], [0.05460609466864509, 0.008288422023210945, 0.012521442132563839], [0.021813709345033322, 0.0031473755929803176, 0.034963063581734344, 0.06674052198823445, 0.02540358707408018, 0.02052203170706768], [0.00015222366324315492]]","[1, 2, 1, 1, 2, 1, 5, 1]",363471.187076218,22.8783302744122
"Case: 0085",21.2445044517517,581189.060199206,75157.9544511321,26031.1057480746,400000,80000,"[[1, 2, 3, 4, 5, 6, 7, 8, 9, 10, 11, 12, 13, 14, 15, 16, 17, 18, 19, 20]]","[[12, 3, 6, 6, 6, 4, 17, 5, 16, 5, 10, 1, 8, 11, 2, 11, 1, 2, 3, 3]]","[[0.16023940133272982, 0.021330145841939326, 0.05479879477317442, 0.010806714334433946, 0.037223243877026545, 0.02549068879254291, 0.19650563636900625, 0.00956117598483363, 0.0443154526117088, 0.027719370120704842, 0.025729601242841692, 0.004182307532910035, 0.06568235976744252, 0.08424898329251629, 0.01266144608160785, 0.029415725880474215, 0.007329124836985391, 0.0018564866213195048, 0.002923080090404185, 0.008261454530859047]]","[4]",8400.89052159513,1.46666620686727
"Case: 0086",19.5621695518493,974962.261882043,67656.9231091983,27305.3387728446,800000,80000,"[[1, 2, 3, 4, 5, 6, 7, 8, 9, 10]]","[[9, 20, 12, 9, 3, 12, 6, 22, 15, 7]]","[[0.014510236202092594, 0.23657587513599626, 0.038384153165967196, 0.09460372559500738, 0.020433891943459744, 0.007764549553425235, 0.011296421025408366, 0.1296761162171383, 0.2126942900121077, 0.05079715240728446]]","[8]",-3934.56209567864,-0.401938386079408
"Case: 0087",41.09348654747,1280946.5690397,109464.062802076,31482.5062376327,900000,240000,"[[4, 5, 11, 12, 15], [6, 7, 8, 10], [9], [1, 3, 13, 17], [2, 14, 18], [16], [19], [20]]","[[40, 8, 3, 48, 10], [2, 2, 1, 2], [0], [16, 7, 11, 62], [1, 1, 5], [1], [0], [0]]","[[0.32089270876686804, 0.045098882148865614, 0.017338517362474874, 0.061772349712398165, 0.07107003741088176], [0.024746398885494368, 0.0026864928799093363, 0.005666475084224421, 0.017165945262931748], [0.002535590962104291], [0.0293029558552141, 0.0193439954591992, 0.06427112967202302, 0.4550623262093968], [0.018653622851548035, 0.008929627582853093, 0.03322290306571086], [0.018658087957859053], [0.005644127081671577], [0.002727749577657007]]","[1, 1, 1, 2, 1, 1, 1, 1]",380242.435299494,42.2161308087396
"Case: 0088",30.5225956439971,1535225.465525,106986.048741702,28239.4167833047,1200000,200000,"[[2], [3, 10], [1, 4], [5], [6, 8], [7], [9]]","[[3], [43, 43], [97, 24], [1], [5, 35], [1], [0]]","[[0.0384592486138522], [0.41375655655486476, 0.15069521995177684], [0.12804566928370933, 0.14460461274975417], [0.002212269910895042], [0.019271433933283004, 0.15057964170306995], [0.02016983632781138], [0.017724362262273762]]","[1, 3, 1, 1, 4, 1, 1]",271923.522257864,21.5248241884768
"Case: 0089",9.14673900604248,765776.656602411,29059.2905723925,6717.36603001851,600000,130000,"[[1, 2, 9], [4], [5, 7], [6], [3, 8, 10]]","[[2, 7, 48], [1], [36, 32], [2], [13, 9, 4]]","[[0.00762192499745973, 0.04160948464922314, 0.03177847559240121], [0.003283583586570607], [0.07505539948189127, 0.057865133897220394], [0.003950848814780201], [0.020519632387246668, 0.02897575225602034, 0.01885340785017084]]","[2, 1, 1, 1, 1]",103556.833396969,15.6378335060567
"Case: 0090",104.288979530334,1626870.81707119,66690.7928829736,20180.0241882261,1200000,340000,"[[1, 7, 9], [3, 5, 13, 14, 15], [6], [10, 16], [11], [12], [17], [2, 19], [4, 8, 18, 20]]","[[53, 4, 79], [13, 3, 9, 1, 4], [1], [23, 4], [2], [0], [3], [4, 1], [1, 2, 2, 8]]","[[0.276364113923958, 0.025452149137711263, 0.5323418115235495], [0.016335754602097775, 0.013962955805391135, 0.01939671807731779, 0.015935235877084095, 0.021338631537858307], [0.026463112234951045], [0.02771881732729252, 0.034258986621397904], [0.01186112371254429], [0.009622307977027348], [0.010549243622366665], [0.008596354719028265, 0.02531554354014136], [0.004751126932593012, 0.017778621734816747, 0.0207953960082985, 0.013958087556341894]]","[1, 3, 1, 1, 1, 1, 1, 1, 2]",109691.671856454,7.22997493093861
"Case: 0091",8.45215082168579,563943.378961228,10666.7676013875,3276.61135984049,500000,50000,"[[1, 2, 3, 4, 5, 6, 7, 8, 9, 10]]","[[1, 13, 5, 2, 7, 1, 4, 4, 6, 5]]","[[0.018137194571153165, 0.10187534442768424, 0.01914644258527906, 0.016543387593220268, 0.03525514665200044, 0.01549065340803436, 0.02910653020781205, 0.009505471199457046, 0.0052690817652366, 0.0219668236026829]]","[5]",30917.6871968568,5.80041218923538
"Case: 0092",296.009967088699,1237997.9057985,18442.8612380689,19555.0445604398,1000000,200000,"[[1, 2, 3, 4, 5, 6, 7, 8, 9, 10, 11, 12, 13, 14, 15, 16, 17, 18, 19, 20]]","[[2, 1, 1, 2, 2, 5, 5, 6, 7, 0, 9, 3, 3, 2, 2, 6, 6, 1, 1, 2]]","[[0.02216362854164468, 0.033592710909222195, 0.017471218817495335, 0.004136559109508628, 0.03282326743123143, 0.012060460666158597, 0.12106674070020745, 0.07063617361267338, 0.03728952955486709, 0.012313566866978284, 0.02582131435367305, 0.18495935455373783, 0.00454222747542453, 0.12820032582215235, 0.034555299074690696, 0.055778242605002366, 0.027476626341044766, 0.027262930780827248, 0.030250001366800273, 0.050247959825295785]]","[10]",135698.541959564,12.3104980744043
"Case: 0093",24.2570698261261,1121740.53925811,32127.0571810604,9613.48207705766,700000,380000,"[[6], [1, 3, 4, 8, 9, 14, 15, 16, 17], [10], [5, 11, 13, 19, 20], [2, 7, 12, 18]]","[[0], [6, 6, 30, 6, 3, 4, 1, 8, 7], [0], [2, 3, 2, 2, 2], [1, 1, 1, 1]]","[[0.020456490926771223], [0.013243668583871533, 0.033456021864138596, 0.07033410100790524, 0.021501538236564602, 0.00855504752673955, 0.031348005784350534, 0.006049312157403941, 0.04576334576706115, 0.012104104112321266], [0.010233333161153673], [0.004846335798582915, 0.013371397641193349, 0.01895571067170348, 0.010484929962355418, 0.004552328597535965], [0.0038594606708792535, 0.0024497068042915234, 0.014676839679607227, 0.003165218040119227]]","[1, 3, 1, 1, 1]",252603.876081808,29.0637694604496
"Case: 0094",17.7901575565338,1425259.73739494,36269.8741664304,8989.8632285183,800000,580000,"[[2, 8], [1, 3, 4, 5, 6, 7, 9, 10]]","[[1, 1], [21, 28, 8, 11, 2, 14, 4, 2]]","[[0.0027801868785676124, 0.00611628038334996], [0.12638907334910557, 0.02590820671581236, 0.01210614697178799, 0.010158632772797912, 0.042281258854878816, 0.019978078695333523, 0.01920680806241402, 0.008642363214035267]]","[1, 7]",340337.208193902,31.3697244765054
"Case: 0095",99.1963346004486,744065.558019283,91922.1146962975,52143.4433229862,500000,100000,"[[1, 2, 3, 4, 5, 6, 7, 8, 9, 10, 11, 12, 13, 14, 15, 16, 17, 18, 19, 20]]","[[9, 7, 6, 18, 13, 5, 25, 10, 13, 15, 20, 12, 23, 4, 2, 2, 7, 3, 3, 8]]","[[0.10765575676348252, 0.017973186908317448, 0.07712691458203245, 0.03206747605039459, 0.0414941572850432, 0.042784187498740425, 0.2729550500937174, 0.3070312953428256, 0.1661964988596963, 0.20033625183260786, 0.22552312212042025, 0.22268850028994538, 0.07513347070977207, 0.017044565247241694, 0.0349943011799959, 0.0344862661444461, 0.030170053417610216, 0.00261902984309022, 0.09274033740172077, 0.018951965756860253]]","[5]",138861.982897382,22.9446732645974
"Case: 0096",28.1530241966247,1084865.22321465,71422.9062909515,23442.3169236988,900000,90000,"[[1, 2, 3, 4, 5, 6, 7, 8, 9, 10]]","[[15, 30, 8, 13, 55, 11, 16, 8, 10, 11]]","[[0.029272005776216407, 0.11409116998797954, 0.047240600541674414, 0.020210915123144158, 0.26466644205946754, 0.013714364184245646, 0.30237990594293135, 0.006208224950877197, 0.041126472851238285, 0.16688620073509264]]","[9]",87925.1797306024,8.81950527569608
"Case: 0097",31.7962729930877,96557.3152662384,18068.9916447894,6488.32362144899,60000,12000,"[[1, 2, 3, 4, 5, 6, 7, 8, 9, 10, 11, 12, 13, 14, 15, 16, 17, 18, 19, 20]]","[[2, 1, 3, 3, 2, 1, 2, 1, 2, 2, 1, 2, 2, 4, 2, 3, 1, 2, 3, 2]]","[[0.019701933861907644, 0.032635116025195185, 0.009228055451767619, 0.0033377539762269337, 0.01436285634506134, 0.021551152271522805, 0.005026824467570269, 0.0005907199300408823, 0.007400915168287747, 0.028789305171818106, 0.05270204489473517, 0.014298729575546034, 0.01955503695111799, 0.0086587189299287, 0.012035774304994563, 0.00968211926686122, 0.0076296807633700284, 0.012745520499492367, 0.01770051884692625, 0.0018527009912709367]]","[6]",3135.30798484032,3.35607002683683
"Case: 0098",52.6062343120574,155632.750059996,21114.0654814424,6318.68457855418,120000,8200,"[[1], [3], [2, 4, 5, 6, 7, 8, 9, 10]]","[[2], [1], [6, 22, 4, 2, 5, 3, 13, 5]]","[[0.004483578779731741], [0.014538636636404267], [0.019765224624917824, 0.05468992875586973, 0.0028035183791221057, 0.011472910589845632, 0.08406834848021436, 0.02630485040177552, 0.0007733309666115724, 0.03623492903770542]]","[1, 1, 10]",21686.5156077128,16.1904630588464
"Case: 0099",11.2252206802368,82257.768733183,11095.4865841673,5162.28214901564,60000,6000,"[[1, 2, 3, 4, 5, 6, 7, 8, 9, 10]]","[[3, 3, 1, 1, 2, 2, 12, 5, 2, 3]]","[[0.019459489118830754, 0.05377555083956011, 0.026813538782902685, 0.03389186882809124, 0.026576312057835158, 0.012644137682401042, 0.058604305905300094, 0.06937101925837731, 0.020729359563380706, 0.023665031806562424]]","[6]",2418.42969737933,3.02912038925422
"Case: 0100",211.623376131057,179912.725548316,28310.4800869289,7602.24546138746,120000,24000,"[[1, 2, 3, 4, 5, 6, 7, 8, 9, 10, 11, 12, 13, 14, 15, 16, 17, 18, 19, 20]]","[[3, 2, 1, 2, 2, 2, 4, 2, 2, 2, 3, 4, 2, 2, 3, 3, 3, 2, 2, 1]]","[[0.010357616939730913, 0.028677348279309435, 0.006758908990128475, 0.01867791621377163, 0.01747454600570523, 0.006390716158669813, 0.012090707283689548, 0.00030000101314440705, 0.018357521417473134, 0.0014414069967818891, 0.0033807734732794643, 0.0010796387457648032, 0.02531513446797461, 0.0052641562356927655, 0.011394070949026865, 0.05344059840961173, 0.005148758899768299, 0.009730841761396061, 0.012615240533121049, 0.0006524584266268429]]","[12]",9190.16914520671,5.38310188110522
"Case: 0101",29.12011885643,75112.3218539418,8433.46188348749,6678.8599704544,50000,10000,"[[1, 2, 3, 4, 5, 6, 7, 8, 9, 10, 11, 12, 13, 14, 15, 16, 17, 18, 19, 20]]","[[1, 1, 2, 1, 2, 2, 1, 1, 2, 2, 3, 7, 1, 2, 1, 2, 1, 0, 0, 2]]","[[0.02748499480985364, 0.01242048339291391, 0.008949151369463927, 0.010715197640838675, 0.021292929530486056, 0.03296633413916791, 0.08785417850807001, 0.005949739944649588, 0.0028314305074888494, 0.01578200132458794, 0.004398581684120393, 0.035611376039317286, 0.014902359769864646, 0.014232325792226967, 0.013361354984635438, 0.04147920594985579, 0.015367098954468889, 0.017444682651551354, 0.016769357665571197, 0.013024064488449318]]","[5]",6354.11786358153,9.24125049059215
"Case: 0102",14.243026971817,103918.108454172,14528.9722561798,4189.1361979922,80000,5200,"[[1, 6, 9], [2, 3, 4, 5, 7, 8, 10]]","[[0, 1, 0], [3, 4, 16, 27, 18, 10, 1]]","[[0.01858597688664071, 0.00988840163769863, 0.02007701882482865], [0.010926812028787421, 0.03154719540867431, 0.06237535000919232, 0.019251236387023286, 0.008088324848023788, 0.02817863324844568, 0.01923612302561051]]","[1, 7]",-2012.97876660963,-1.90027197815329
"Case: 0103",7.32581806182861,67847.0344595148,10265.6587815704,4481.3756779444,50000,3100,"[[1, 2, 3, 4, 5, 7, 9], [6, 8, 10]]","[[8, 5, 4, 1, 7, 5, 4], [2, 1, 0]]","[[0.012969205948372527, 0.017764658875769675, 0.03147683824746261, 0.02137323965923677, 0.021589183619629075, 0.018606236884133622, 0.008104981289703798], [0.005072101964118605, 0.022899741882567517, 0.042631775648239986]]","[4, 1]",2547.11280222716,3.90063684240714
"Case: 0104",73.9364376068115,132790.108731891,16111.2672738146,8678.84145807688,90000,18000,"[[1, 2, 3, 4, 5, 6, 7, 8, 9, 10, 11, 12, 13, 14, 15, 16, 17, 18, 19, 20]]","[[3, 1, 3, 1, 4, 2, 4, 0, 2, 4, 3, 2, 1, 2, 6, 3, 1, 1, 3, 3]]","[[0.023632287832314514, 0.02098164923240653, 0.006709531707744652, 0.04550834714193242, 0.02656503369740483, 0.004395728143107486, 0.005859632750953005, 0.04875455623028965, 0.00798405899223874, 0.022760899436463373, 0.01108320599185949, 0.006677260423368829, 0.019254367386791617, 0.014176589611110086, 0.014757014519815138, 0.00874512735602167, 0.046588293460866376, 0.05323714333220195, 0.0040763354988979, 0.004861101082630454]]","[9]",5831.65039267716,4.59335318730466
"Case: 0105",21.0268363952636,543797.959453557,44434.995740022,19362.963713535,400000,80000,"[[1, 2, 3, 4, 5, 6, 7, 8, 9, 10, 11, 12, 13, 14, 15, 16, 17, 18, 19, 20]]","[[3, 5, 1, 10, 4, 23, 4, 1, 4, 16, 4, 2, 1, 2, 2, 7, 2, 4, 6, 31]]","[[0.07972369787543146, 0.029850231057372254, 0.02252562945258592, 0.05558678012447927, 0.042325170510794166, 0.10029126700074059, 0.12171050582298805, 0.026090704574416538, 0.018194971582153927, 0.2353839159547739, 0.018562676839593548, 0.03873047117343529, 0.026604711727821938, 0.01100992205521091, 0.019982363800541084, 0.03681214326238896, 0.025816760884500585, 0.008920537557881485, 0.07797744962996718, 0.028916533683524433]]","[4]",-27132.3814508689,-4.75231030950076
"Case: 0106",11.4283497333526,921870.715338514,61337.7588539564,20532.9564845582,800000,40000,"[[3, 4, 6, 9, 10], [1, 2, 5, 7, 8]]","[[12, 76, 4, 8, 56], [5, 1, 3, 3, 3]]","[[0.09636837996315845, 0.030039414403618746, 0.023410730049752672, 0.02923285180080351, 0.5378105131321036], [0.04356087677932801, 0.04043279400280568, 0.0018457937135687027, 0.011645627658805136, 0.019706398981626568]]","[6, 2]",-45154.8671247134,-4.6694594169571
"Case: 0107",5.84706091880798,494832.074767843,41143.4136162447,13688.6611515987,400000,40000,"[[1, 2, 3, 4, 5, 6, 7, 8, 9, 10]]","[[27, 10, 3, 5, 5, 15, 10, 7, 4, 6]]","[[0.1300301265908511, 0.037695695833300916, 0.028256017159918417, 0.04083917935656678, 0.07153610195939894, 0.032792650334607175, 0.03852418517328984, 0.10262657992068841, 0.00810222869322865, 0.09423832177129209]]","[4]",12621.5430590546,2.61743413490539
"Case: 0108",53.2471759319305,1066321.89118305,73098.5692481178,33223.3219349391,800000,160000,"[[1, 2, 3, 4, 5, 6, 7, 8, 9, 10, 11, 12, 13, 14, 15, 16, 17, 18, 19, 20]]","[[6, 8, 3, 2, 11, 4, 2, 2, 15, 5, 2, 9, 5, 3, 6, 2, 2, 4, 7, 9]]","[[0.018275193329033886, 0.09531803086356551, 0.010237045713154444, 0.0037115699306664164, 0.06697853494685964, 0.0236674854080018, 0.019192156936449545, 0.0229343220522633, 0.19215268851808642, 0.05246428081411926, 0.006636459040809664, 0.044783551570327824, 0.04319252110881077, 0.01458903245017342, 0.0067121010012745055, 0.026135393122047774, 0.011750342782619548, 0.018611668114209196, 0.07852193816686129, 0.14202011343297405]]","[8]",-43694.3016265898,-3.93636614579395
"Case: 0109",31.6461086273193,652987.092820103,35483.8543484701,17503.2384716329,500000,100000,"[[1, 2, 3, 4, 5, 6, 7, 8, 9, 10, 11, 12, 13, 14, 15, 16, 17, 18, 19, 20]]","[[1, 8, 6, 2, 3, 2, 13, 9, 6, 1, 2, 5, 2, 11, 2, 1, 2, 3, 3, 4]]","[[0.039793942622040945, 0.058979058774334556, 0.09204054366198246, 0.025823511589510705, 0.05057819171856469, 0.009936318365861717, 0.017778916305742517, 0.0713200442640561, 0.024041539371082915, 0.025731098861598908, 0.03941225121977196, 0.056880244057833464, 0.0501512473323813, 0.0838801864300189, 0.014077647470068583, 0.005003091277598047, 0.012856593865090943, 0.04755313318234125, 0.029160791812402997, 0.020527433282719696]]","[5]",74171.5377459415,12.8143649726963
"Case: 0110",28.0991628170013,1125534.46507463,34504.8002186043,9029.66485602597,1000000,82000,"[[1, 2, 4, 5, 6, 7, 8, 9, 10], [3]]","[[11, 5, 18, 24, 4, 6, 4, 27, 7], [1]]","[[0.02796346615675308, 0.032565806387192975, 0.0871052693996799, 0.013321986648282793, 0.006502164917127807, 0.01614362502083245, 0.03911624189963048, 0.02170692604412974, 0.005550945130506375], [0.001179221749640079]]","[9, 1]",116901.064095462,11.5900449045189
"Case: 0111",7.9622585773468,592134.274778761,30933.0164112388,11201.2583675224,500000,50000,"[[1, 2, 3, 4, 5, 6, 7, 8, 9, 10]]","[[16, 4, 2, 7, 6, 4, 6, 12, 7, 3]]","[[0.19422506515130256, 0.012280879338565098, 0.030965366455933323, 0.005499872532052277, 0.025701510827600256, 0.06258397413303025, 0.004503345271790051, 0.02763552106963673, 0.016019484701221644, 0.01673540896441772]]","[5]",43297.2205506743,7.88890258358554
"Case: 0112",122.815804243087,1124996.84325258,34019.6532541706,10977.1899984115,900000,180000,"[[1, 2, 3, 4, 5, 6, 7, 8, 9, 10, 11, 12, 13, 14, 15, 16, 17, 18, 19, 20]]","[[2, 1, 4, 8, 1, 6, 8, 5, 2, 3, 4, 1, 11, 8, 9, 1, 2, 2, 6, 3]]","[[0.023529512439220357, 0.0104545123357309, 0.029349179950180392, 0.01375696041368144, 0.01681794890415415, 0.042177220636720456, 0.018335363973491885, 0.007594019686005118, 0.013680532290632841, 0.01740051559471429, 0.05644545527422524, 0.009104896793434222, 0.034247652870149546, 0.09299922205360604, 0.020327383445177566, 0.017474742816198797, 0.044089335909536134, 0.008368216355023486, 0.011798091865497214, 0.025420560545954953]]","[9]",30529.3711411762,2.78942699706552
"Case: 0113",19.4461028575897,142470.280628301,17267.0538804189,5203.22674788206,80000,40000,"[[1, 5, 12, 13, 14, 15], [2, 3, 9, 10, 16, 18, 19], [4, 7, 11, 20], [6, 17], [8]]","[[1, 2, 1, 1, 1, 2], [2, 2, 2, 5, 2, 1, 3], [2, 2, 1, 2], [1, 0], [1]]","[[0.02506596599443458, 0.0035626059724760298, 0.0239418186567978, 0.011294856668758032, 0.007840599355365343, 0.0108810799168284], [0.006186708462252989, 0.005101322718971481, 0.010876624436326381, 0.02839951483889914, 0.015055362853345626, 0.029132898600141097, 0.005031611765483502], [0.0022389704627304094, 0.007319101558899071, 0.0030222996277180013, 0.004449411105746371], [0.00046213928038609604, 0.004330278110968078], [0.0015961147376391096]]","[2, 3, 1, 1, 1]",29599.6006459097,26.2243486532795
"Case: 0114",31.3648920059204,178210.434338442,27011.4021125105,9199.0322259315,100000,42000,"[[4], [1, 2, 3, 5], [6, 7, 8, 9, 10]]","[[1], [5, 4, 6, 4], [3, 3, 7, 6, 21]]","[[0.017899595595809104], [0.04348003724159594, 0.0155731065200265, 0.04917050756006394, 0.0015779680705698992], [0.0038015853156054573, 0.004659579990341693, 0.06112872697926819, 0.014054921028085154, 0.017841331695760278]]","[1, 4, 5]",12765.9665641186,7.71616406148573
"Case: 0115",15.7860898971557,127902.382639156,17092.3335125217,8810.04912663455,80000,22000,"[[1, 2, 6], [3], [4, 5, 8], [7, 9, 10]]","[[2, 1, 2], [1], [2, 4, 5], [5, 6, 3]]","[[0.0005099538119765257, 0.0007333530676499216, 0.003209992330571755], [0.005120264995432401], [0.0193813634011016, 0.16858546074872163, 0.004803839344840216], [0.01152847033255167, 0.056857389601787364, 0.017945782743080174]]","[1, 1, 5, 1]",35094.9121171121,37.8147490926134
"Case: 0116",70.6594178676605,224951.335168792,31838.5172729241,9112.81789586786,140000,44000,"[[4, 16], [7], [8], [12], [15], [5, 11, 17], [1, 3, 18], [6, 19], [2, 9, 10, 13, 14, 20]]","[[2, 2], [1], [2], [0], [1], [4, 3, 2], [3, 4, 8], [1, 4], [1, 4, 4, 2, 3, 2]]","[[0.013245486511291383, 0.003735378291256114], [0.01270107758205277], [0.003322626846331848], [0.02304082474619021], [0.0014947844267048829], [0.01022028338403132, 0.00331104118641525, 0.018740666655802263], [0.021898685148747096, 0.027366651369762157, 0.022417049068500613], [0.013782053943351413, 0.022448684426606427], [0.00665896596195, 0.019964962123210854, 0.03199811932636719, 0.02931418713240921, 0.023375744395314337, 0.011242020858649797]]","[1, 1, 1, 1, 1, 1, 3, 1, 4]",20503.1179425528,10.028513929209
"Case: 0117",30.9655854701995,147459.175135128,23708.5523830431,6750.62275208493,70000,47000,"[[6, 14, 15, 19], [3, 5, 8, 9, 10, 16], [1, 2, 4, 7, 11, 12, 13, 17, 18], [20]]","[[1, 0, 0, 1], [4, 3, 2, 4, 4, 4], [5, 17, 7, 9, 14, 1, 10, 2, 10], [1]]","[[0.004118089965238239, 0.013920480794014261, 0.006713604143438219, 0.009081525835308678], [0.016596570774977986, 0.014908317857840879, 0.019348546792948684, 0.012784245304782794, 0.010248128971778452, 0.012661850939996132], [0.00187598601875672, 0.02467188512836421, 0.011447589192568677, 0.005871799641635969, 0.02838177972274392, 0.004593964777235133, 0.03442075267491594, 0.012556488289287033, 0.03834585915598275], [0.0017376380988320596]]","[1, 1, 4, 1]",5950.40371449515,4.20497164575591
"Case: 0118",31.5086226463317,183997.058726532,18110.9778974146,4886.0808291178,130000,31000,"[[1], [2, 3, 6], [4, 9, 10], [5], [7], [8]]","[[2], [6, 16, 23], [4, 3, 5], [2], [3], [2]]","[[0.030841642766822767], [0.0063018408253196125, 0.00836124210763995, 0.014161723057886948], [0.018355694606725276, 0.02385228112387848, 0.01114750116334707], [0.006826504503423735], [0.01843118830969666], [0.015923711629428752]]","[1, 7, 2, 1, 1, 1]",18738.6162181629,11.3389766560422
"Case: 0119",13.8149926662445,119169.816481182,16462.7750058977,5707.04147528434,80000,17000,"[[1], [2, 7, 10], [3, 6], [4, 5], [8, 9]]","[[1], [9, 7, 3], [2, 23], [1, 4], [3, 2]]","[[0.0020160640130113816], [0.025875485547045697, 0.01880122309715166, 0.017468445364927164], [0.01648534372610509, 0.13407034796925899], [0.002746749631010036, 0.01253473038872112], [0.00868390993823246, 0.023793303100790805]]","[1, 2, 3, 1, 1]",16907.5531819287,16.533521395328
"Case: 0120",120.116950273513,241352.15327782,20174.5521158818,6177.60116193909,150000,65000,"[[1, 2, 4], [3, 5], [6, 12], [7], [9], [11], [8, 10, 13, 14, 15, 16, 17, 19], [18, 20]]","[[1, 8, 1], [4, 7], [3, 1], [3], [0], [0], [13, 4, 2, 2, 3, 3, 4, 2], [1, 1]]","[[0.005759747094604403, 0.027022720803071193, 0.007256342939931182], [0.009382642881643064, 0.015647305194670766], [0.01189787443372595, 0.026853358728157483], [0.016264729094656923], [0.005367901652412246], [0.011007321646272376], [0.016274145099867666, 0.022118900537707337, 0.013408443316397263, 0.025329731208645463, 0.012696330591267518, 0.01061512060480503, 0.008493216457490533, 0.01697624823210858], [0.021167619438564402, 0.005005295181850174]]","[2, 2, 1, 1, 1, 1, 6, 1]",49424.8474285337,25.7518580849277
"Case: 0121",44.4926884174346,1141153.54981921,30591.9981140496,10561.5517051672,600000,500000,"[[1, 8, 9, 18, 19], [2, 5, 6, 10, 12, 13, 14, 15, 16, 20], [3, 4, 7, 11, 17]]","[[1, 1, 0, 1, 1], [3, 4, 4, 4, 9, 9, 9, 5, 9, 2], [1, 0, 1, 1, 3]]","[[0.0012355114298994996, 0.006007128281504641, 0.012526238770475633, 0.0023931008426692287, 0.00018251908841028017], [0.008696995602889763, 0.006843998265204561, 0.01529464391509373, 0.048659457032902656, 0.13279650261373369, 0.11223528829288477, 0.01880354371211881, 0.0005750212601802904, 0.01812807892798186, 0.0005851079993558857], [0.007586033242457815, 0.007406984850551909, 0.014202248032777552, 0.015372498405546125, 0.01161836790293991]]","[1, 4, 1]",270871.655108905,31.1245881082095
"Case: 0122",17.5214421749115,1499344.69866909,118255.543900037,31089.1547690581,1100000,250000,"[[1, 2, 3, 8], [4], [5, 10], [6], [7], [9]]","[[15, 74, 17, 38], [3], [6, 2], [7], [14], [9]]","[[0.08387339378483111, 0.3403164690865044, 0.11082956011908524, 0.05722897945289265], [0.00258220639304036], [0.05683171622822168, 0.015713116288027584], [0.04963917202149356], [0.1120909962769751], [0.04024823305433446]]","[4, 1, 2, 1, 1, 2]",230853.104815502,18.1990251992278
"Case: 0123",6.90706014633178,959179.699227425,93508.7363425006,25670.9628849243,500000,340000,"[[1, 5], [2, 3, 4, 6, 7, 8, 9, 10]]","[[1, 2], [72, 14, 5, 33, 21, 23, 3, 53]]","[[0.010224697771936197, 0.002932814028447956], [0.230889015845824, 0.17101075972552585, 0.035829327162635316, 0.13174174764771093, 0.2979667574134205, 0.09600333611968379, 0.008016257738112577, 0.0908813892916208]]","[1, 4]",257682.559203335,36.7332301874368
"Case: 0124",379.664084434509,1987577.58727724,66765.5526315488,20812.0346456974,1600000,300000,"[[3], [4, 5], [7], [9], [6, 10, 13], [1, 11, 14], [15], [16], [17], [8, 18], [19], [2, 12, 20]]","[[2], [1, 1], [1], [8], [1, 1, 2], [2, 10, 12], [6], [3], [1], [5, 2], [9], [32, 4, 23]]","[[0.003207600810709901], [0.006747078739018225, 0.006803684941823273], [0.034466048816263285], [0.06684576936587779], [0.01377534385264962, 0.003623603979957493, 0.0028137184887871416], [0.014033312665969298, 0.07097641572062167, 0.07850423907824801], [0.004516839419595174], [0.018294142505411417], [0.001138402113997932], [0.0065355965645190785, 0.024583101998951647], [0.09320784099995391], [0.20259178039993098, 0.02168477830615543, 0.10354682126419794]]","[1, 1, 1, 2, 1, 3, 1, 1, 1, 1, 1, 2]",279214.004354422,16.3439449977455
"Case: 0125",19.0126690864563,1185849.34751606,35966.3802962649,9882.9672198004,700000,440000,"[[1], [2, 4, 5, 6, 7, 9, 10, 11, 13, 14, 16, 17], [3, 8, 12, 15, 19], [18], [20]]","[[1], [8, 14, 6, 1, 2, 16, 6, 3, 7, 7, 16, 10], [3, 1, 4, 1, 0], [0], [0]]","[[0.0016029356212370733], [0.05081412963599499, 0.02451620517928751, 0.035427992207020476, 0.010145392791478598, 0.005700110490317721, 0.00716735627476176, 0.020198074809594947, 0.009854728601903399, 0.03465162398211339, 0.04237086675784593, 0.04570536396367148, 0.031440052718374106], [0.0065760092409218205, 0.003893504698619648, 0.0068516277134580365, 0.019975619300414534, 0.01928387393639468], [0.0019023122139059528], [0.007390220424054099]]","[1, 3, 1, 1, 1]",366405.865546849,44.7139886531691
"Case: 0126",16.6963000297546,1272601.19612114,101363.524523367,21237.6715977754,800000,350000,"[[2, 8], [3, 4, 6, 7, 10], [1, 5, 9]]","[[1, 2], [418, 58, 20, 88, 49], [4, 1, 1]]","[[0.00890139298841759, 0.005058359041443292], [0.3167587090348518, 0.06342006877399463, 0.02099914560521033, 0.06431635577298397, 0.31324767976587486], [0.009222470302767422, 0.0030266523320719076, 0.003158940040501212]]","[1, 6, 1]",86638.1458144525,7.30529891230994
"Case: 0127",5.48295903205871,820094.255875514,14957.0597510149,5137.19612449943,600000,200000,"[[1, 2, 5, 6, 10], [3, 4, 7], [8], [9]]","[[10, 4, 8, 4, 5], [1, 13, 4], [0], [0]]","[[0.01981377561852751, 0.010968186471993352, 0.02401152231318471, 0.005936542338996733, 0.011943364228977087], [0.022536587643488825, 0.03451684970851938, 0.01601692815936029], [0.021227086522531153], [0.01764246717159982]]","[3, 1, 1, 1]",262556.123555653,47.0920477606048
"Case: 0128",25.8871192932128,1459337.84337887,38065.6805166797,11272.1628621907,900000,510000,"[[2, 3, 9, 10, 11, 13, 17], [5], [7, 8, 12, 14, 16, 18], [1, 4, 6, 15, 19, 20]]","[[12, 2, 12, 13, 4, 8, 4], [2], [8, 1, 8, 5, 8, 3], [2, 4, 6, 1, 2, 1]]","[[0.03754499124429778, 0.017850182306410285, 0.05480998113226844, 0.04868534352048133, 0.05325204669374481, 0.045056887267051156, 0.04568536442526985], [0.006929005832367362], [0.02385978210855924, 0.031575547957758465, 0.03175909748165525, 0.01361900595712608, 0.0375569540975255, 0.021532824586402047], [0.011826899598987754, 0.01773691562121721, 0.02648958642201354, 0.00874547330419995, 0.0150051377598141, 0.018599967152095633]]","[2, 1, 4, 2]",-83008.0089507468,-5.38193225763005
